participant,nome,cognome,anno,mese,giorno,cellulare,sesso,esperimento,INFOSCREEN,TIME_start,TIME_end,TIME_total
s.9974f4f4-cee5-40b6-8431-77fdb0aba44a.txt,378240,378240,378240,378240,378240,378240,378240,"",0,2021-03-25-12-04,2021-03-25-12-20,16
s.fc7e9601-90a4-43cb-b9b6-19b409b11933.txt,20359,20359,20359,20359,20359,20359,20359,"",0,2021-03-29-17-36,2021-03-29-17-41,5
s.9b9281d3-6532-4b01-a5f1-5683e32969b8.txt,25354,25354,25354,25354,25354,25354,25354,"",0,2021-03-17-15-30,2021-03-17-15-35,5
s.fe96e1f7-145b-4222-b5a5-9990a4dc9898.txt,15436,15436,15436,15436,15436,15436,15436,"",0,2020-11-28-12-37,2020-11-28-12-42,5
s.570cabd8-d02d-4148-bec6-ead08642c338.txt,24898,24898,24898,24898,24898,24898,24898,"",0,2021-01-18-17-48,2021-01-18-17-54,6
s.829c8155-4e66-42b6-bbd9-93fcd399fb2b.txt,12843,12843,12843,12843,12843,12843,12843,"",0,2021-03-23-14-52,2021-03-23-14-57,5
s.47d82b66-129e-4e8f-ad92-5c719b99ae05.txt,22406,22406,22406,22406,22406,22406,22406,"",0,2021-04-24-11-32,2021-04-24-11-37,5
s.4c5227b8-b4fd-48f4-8fa7-2950b668d877.txt,25543,25543,25543,25543,25543,25543,25543,"",0,2021-03-24-21-42,2021-03-24-21-48,6
s.e845450d-c10c-4d2f-a564-1b7b9b74c2c6.txt,75083,75083,75083,75083,75083,75083,75083,"",0,2021-03-16-15-08,2021-03-16-15-14,6
s.4f1c2cd6-4a28-471a-a140-55c66904ea65.txt,21898,21898,21898,21898,21898,21898,21898,"",0,2021-03-16-08-51,2021-03-16-08-57,6
s.60d2fd69-6025-4dc9-8b04-5333d58fa68f.txt,"","","","","","","","",0,2020-12-10-15-28,"",""
s.02e3a8f5-eb80-4e28-9477-0fcd7a1ae264.txt,33472,33472,33472,33472,33472,33472,33472,"",0,2021-04-04-23-26,2021-04-04-23-32,6
s.8c4c69f9-5536-469e-8929-9dd9e5c44a85.txt,28782,28782,28782,28782,28782,28782,28782,"",0,2021-04-30-21-32,2021-04-30-21-37,5
s.3b960721-8771-4201-80ba-77763525706e.txt,79716,79716,79716,79716,79716,79716,79716,"",0,2021-03-16-14-18,2021-03-16-14-24,6
s.f7b286cc-c209-4bbb-b593-596658e86247.txt,36991,36991,36991,36991,36991,36991,36991,"",0,2021-04-27-10-53,2021-04-27-10-58,5
s.e2951948-3288-4a65-8bd6-ba9bf86c999d.txt,21101,21101,21101,21101,21101,21101,21101,"",0,2021-05-12-16-02,2021-05-12-16-07,5
s.847681e0-aa15-476e-921f-f254919b283b.txt,19888,19888,19888,19888,19888,19888,19888,"",0,2021-03-26-22-09,2021-03-26-22-15,6
s.3e90c711-3874-4454-aaa4-9b88d713686d.txt,13807,13807,13807,13807,13807,13807,13807,"",0,2021-03-16-15-56,2021-03-16-16-03,7
s.2f672cf0-a5ad-4f97-baaa-99316224029f.txt,18668,18668,18668,18668,18668,18668,18668,"",0,2020-12-03-12-26,2020-12-03-12-31,5
s.1e593c35-5c71-4abd-a496-0817a4dfc41f.txt,24083,24083,24083,24083,24083,24083,24083,"",0,2021-03-18-17-30,2021-03-18-17-37,7
s.d1c5dc7a-c3d7-4b39-84d2-2b4a308223d2.txt,18628,18628,18628,18628,18628,18628,18628,"",0,2021-05-12-15-49,2021-05-12-15-53,4
s.afa9e388-5ba4-43c4-b340-c92eb181ce47.txt,19027,19027,19027,19027,19027,19027,19027,"",0,2021-03-16-19-06,2021-03-16-19-11,5
s.d64e02f9-1516-404a-823a-edbeb497b7e8.txt,14530,14530,14530,14530,14530,14530,14530,"",0,2020-12-01-22-15,2020-12-01-22-20,5
s.e65a756e-13d7-40b3-a347-f8a094ab3da7.txt,18751,18751,18751,18751,18751,18751,18751,"",0,2021-03-20-18-05,2021-03-20-18-10,5
s.f3161dcd-db28-4653-ac35-202031b4edbf.txt,17742,17742,17742,17742,17742,17742,17742,"",0,2021-03-24-18-31,2021-03-24-18-36,5
s.ec9756b7-d71f-4cba-830d-14f12ba110a6.txt,18665,18665,18665,18665,18665,18665,18665,"",0,2020-12-24-11-04,"",""
s.d4cbbe58-b476-419c-898f-c51cb3b60c8b.txt,14274,14274,14274,14274,14274,14274,14274,"",0,2021-03-17-12-45,2021-03-17-12-50,5
s.55506e47-25de-48a4-924f-c0a5031bf1f9.txt,17705,17705,17705,17705,17705,17705,17705,"",0,2021-03-16-18-00,2021-03-16-18-05,5
s.b029a3a5-d70b-40cd-8f91-b3e5b88fdede.txt,23949,23949,23949,23949,23949,23949,23949,"",0,2021-03-24-22-23,2021-03-24-22-38,15
s.5fb09265-b182-4de3-9218-161a74f021e9.txt,45050,45050,45050,45050,45050,45050,45050,"",0,2021-03-17-19-17,2021-03-17-19-25,8
s.c63a451b-c027-447e-9131-8612adbac008.txt,21127,21127,21127,21127,21127,21127,21127,"",0,2020-12-17-19-21,2020-12-17-19-27,6
s.1e5203aa-b8ba-4b02-bfa7-22fcb7313538.txt,20992,20992,20992,20992,20992,20992,20992,"",0,2021-03-16-17-56,2021-03-16-18-02,6
s.11e554ee-dc5c-4cc8-9fb9-a1c930c45818.txt,17757,17757,17757,17757,17757,17757,17757,"",0,2021-04-27-19-27,2021-04-27-19-33,6
s.323c796f-8f7d-44ba-975d-4bac32c06d25.txt,21918,21918,21918,21918,21918,21918,21918,"",0,2020-12-03-16-29,2020-12-03-16-34,5
s.b0b0873b-500d-42ed-9fae-758da4a0850e.txt,24242,24242,24242,24242,24242,24242,24242,"",0,2020-12-04-15-33,2020-12-04-15-38,5
s.63c8045d-eafa-4985-a229-68213807b050.txt,27419,27419,27419,27419,27419,27419,27419,"",0,2021-03-16-19-31,2021-03-16-19-36,5
s.c9d49129-42aa-4f72-9454-0ad8b5ed0fcd.txt,23631,23631,23631,23631,23631,23631,23631,"",0,2020-11-27-20-56,2020-11-27-21-01,5
s.e4b968e5-2ea9-4f4e-a84a-910a35bc9242.txt,14870,14870,14870,14870,14870,14870,14870,"",0,2020-12-09-12-22,2020-12-09-12-27,5
s.65c6f304-e624-4116-9971-376fce612f41.txt,24181,24181,24181,24181,24181,24181,24181,"",0,2021-03-24-18-33,2021-03-24-18-38,5
s.de4b39ac-bedb-4a4e-a7fa-830365c99454.txt,29637,29637,29637,29637,29637,29637,29637,"",0,2021-03-15-17-57,2021-03-15-18-02,5
s.5f60c6b7-ba17-4f29-92ba-0ce1da4fe6e7.txt,30021,30021,30021,30021,30021,30021,30021,"",0,2021-03-15-15-49,2021-03-15-15-55,6
s.c75f5341-6102-485d-b477-7de500aed7f3.txt,25231,25231,25231,25231,25231,25231,25231,"",0,2021-03-16-13-30,2021-03-16-13-34,4
s.f885ae14-d378-4e04-9872-3512b2ea7ff8.txt,13769,13769,13769,13769,13769,13769,13769,"",0,2021-03-18-16-12,2021-03-18-16-17,5
s.2a4de76d-8071-4f32-aeca-e7e315f0eaaf.txt,274273,274273,274273,274273,274273,274273,274273,"",0,2021-03-18-09-54,2021-03-18-10-04,10
s.2799b4d7-6378-403e-baca-74007f719e40.txt,20309,20309,20309,20309,20309,20309,20309,"",0,2021-01-13-15-54,"",""
s.8c7605db-9ea6-48c9-a9b9-e53cdde2dd1d.txt,19980,19980,19980,19980,19980,19980,19980,"",0,2021-03-16-13-01,"",""
s.cc4f135e-eff1-459b-88c4-96e325babe6f.txt,24983,24983,24983,24983,24983,24983,24983,"",0,2020-12-02-17-36,2020-12-02-17-41,5
s.8ddddcf1-14e1-4631-93a5-39e86f91a518.txt,21072,21072,21072,21072,21072,21072,21072,"",0,2021-03-29-18-32,2021-03-29-18-37,5
s.cc8e1ec4-2ae6-4e64-b528-829e8881becb.txt,17300,17300,17300,17300,17300,17300,17300,"",0,2021-03-21-19-21,2021-03-21-19-26,5
s.29d14bc6-aecb-4ce9-94a9-0ae01415f314.txt,31902,31902,31902,31902,31902,31902,31902,"",0,2020-12-07-10-07,2020-12-07-10-12,5
s.b5ddda5c-0e1b-4afe-9355-98f30955de83.txt,20952,20952,20952,20952,20952,20952,20952,"",0,2021-02-13-17-32,2021-02-13-17-37,5
s.fe5cce9b-ed47-4855-8057-8d2c2d8462da.txt,20284,20284,20284,20284,20284,20284,20284,"",0,2020-12-12-15-23,2020-12-12-15-40,17
s.b267022b-6ab4-4f23-a80c-808e07521b50.txt,18610,18610,18610,18610,18610,18610,18610,"",0,2021-03-16-22-27,"",""
s.801c3f01-14f3-4a2f-9944-c920f9a1d6a2.txt,32230,32230,32230,32230,32230,32230,32230,"",0,2021-05-18-13-56,2021-05-18-14-02,6
s.95ea6a8b-cbcb-4555-a68c-97b665df7fd0.txt,15748,15748,15748,15748,15748,15748,15748,"",0,2020-12-12-13-06,"",""
s.9ff7ce7c-8a99-44ea-9cbe-261240d8d7e9.txt,13829,13829,13829,13829,13829,13829,13829,"",0,2021-03-31-16-48,2021-03-31-16-53,5
s.f49ee53e-2b42-4bc3-8a47-862792de189b.txt,"","","","","","","","",0,2021-03-16-12-17,"",""
s.b2f8487a-48c7-4449-b9cc-e6c4e396bc74.txt,28385,28385,28385,28385,28385,28385,28385,"",0,2021-03-15-17-57,2021-03-15-18-02,5
s.74ee4926-fe6f-4b86-b458-cf1ead1c0869.txt,21709,21709,21709,21709,21709,21709,21709,"",0,2021-03-15-21-39,2021-03-15-21-44,5
s.cbfbf7f4-ab6f-49f8-a9db-f7b96e757ad9.txt,36705,36705,36705,36705,36705,36705,36705,"",0,2021-03-14-23-36,"",""
s.8c5e0e6d-3744-45bb-a08e-da146b8dc358.txt,17507,17507,17507,17507,17507,17507,17507,"",0,2020-12-02-22-43,2020-12-02-22-48,5
s.5d0fd79b-f517-445e-82d1-7dc58d8e0dfb.txt,39554,39554,39554,39554,39554,39554,39554,"",0,2021-05-18-17-31,2021-05-18-17-37,6
s.50f2391f-1c5e-4414-83df-8ca840b035ff.txt,"","","","","","","","",0,2021-01-08-14-54,"",""
s.861c96fa-7141-4744-81c3-ca2c77fe5440.txt,102291,102291,102291,102291,102291,102291,102291,"",0,2021-01-27-12-39,2021-01-27-12-48,9
s.1f5ae372-b0cd-474f-9bbf-9c562a5e67c2.txt,16808,16808,16808,16808,16808,16808,16808,"",0,2021-04-17-10-28,2021-04-17-10-33,5
s.5f48a0b5-dea8-4eb4-8dc1-088ed1f25ebb.txt,23727,23727,23727,23727,23727,23727,23727,"",0,2021-04-28-10-40,2021-04-28-10-48,8
s.4a439667-b92c-49ff-8c9f-18c1fc708ef6.txt,22162,22162,22162,22162,22162,22162,22162,"",0,2021-03-19-18-43,2021-03-19-18-50,7
s.3fe401ca-87dd-4081-ad9e-cc7feb4714d7.txt,30818,30818,30818,30818,30818,30818,30818,"",0,2020-12-03-14-42,"",""
s.bec48758-2039-45b1-91dc-7ef2df1b09af.txt,23919,23919,23919,23919,23919,23919,23919,"",0,2021-04-29-15-52,2021-04-29-15-57,5
s.859e9310-0255-4bbb-887c-41aaaea6c1a7.txt,21300,21300,21300,21300,21300,21300,21300,"",0,2021-03-16-18-25,2021-03-16-18-30,5
s.f5d75519-7b22-4a8f-bea9-8c76ea0ee1f2.txt,36722,36722,36722,36722,36722,36722,36722,"",0,2021-03-16-11-58,2021-03-16-12-03,5
s.3185ceaf-9411-4d58-b57e-fc5b0509f367.txt,30629,30629,30629,30629,30629,30629,30629,"",0,2021-04-24-16-17,"",""
s.4f06c67e-be88-4712-b0de-25507995bad4.txt,22361,22361,22361,22361,22361,22361,22361,"",0,2020-12-02-17-08,2020-12-02-17-13,5
s.8b1e51b1-0009-4d11-af23-21f215cf705f.txt,41167,41167,41167,41167,41167,41167,41167,"",0,2021-03-17-17-42,2021-03-17-17-48,6
s.5d788313-927a-44cb-a07b-70e9120a04d1.txt,34614,34614,34614,34614,34614,34614,34614,"",0,2021-03-16-21-09,2021-03-16-21-15,6
s.0ba91050-e7ab-405e-a91f-8d1b7d1ef89d.txt,12338,12338,12338,12338,12338,12338,12338,"",0,2020-12-11-12-02,2020-12-11-12-07,5
s.de863ba1-cffc-4d7e-92b6-f0ad83a4e58b.txt,25157,25157,25157,25157,25157,25157,25157,"",0,2021-03-15-00-48,"",""
s.b3a3887d-eed1-4824-9820-a4f7c4ce1e39.txt,16152,16152,16152,16152,16152,16152,16152,"",0,2021-03-16-20-52,2021-03-16-20-58,6
s.d6961e31-61ad-4c87-b0c3-060983d20849.txt,36533,36533,36533,36533,36533,36533,36533,"",0,2020-12-18-00-43,"",""
s.cc1cf4fa-2a97-4836-bc48-48b41e1bdf75.txt,12012,12012,12012,12012,12012,12012,12012,"",0,2021-05-18-10-52,2021-05-18-10-56,4
s.da72ada1-7a7b-4169-9264-d086f6c7fd6e.txt,31264,31264,31264,31264,31264,31264,31264,"",0,2021-04-04-13-04,2021-04-04-13-10,6
s.f5268a1a-88ac-4c7f-84e9-7c132fda9c13.txt,21769,21769,21769,21769,21769,21769,21769,"",0,2020-11-25-10-58,2020-11-25-11-03,5
s.5fc10b5c-878e-40e8-8777-923aca281bb8.txt,32920,32920,32920,32920,32920,32920,32920,"",0,2020-12-03-15-20,2020-12-03-15-26,6
s.d30d0a3e-97ab-4a36-a744-096270b8e239.txt,16193,16193,16193,16193,16193,16193,16193,"",0,2021-03-16-15-33,2021-03-16-15-38,5
s.a0aff9a1-7ea8-417f-a190-fec8395b9b74.txt,33114,33114,33114,33114,33114,33114,33114,"",0,2021-03-15-17-13,2021-03-15-17-18,5
s.6e0e3705-f6e8-4ec5-994c-617fc0d849ac.txt,18993,18993,18993,18993,18993,18993,18993,"",0,2021-03-15-19-18,2021-03-15-19-24,6
s.76156843-d4db-405c-a67d-c24d74e47919.txt,19284,19284,19284,19284,19284,19284,19284,"",0,2021-01-08-14-47,2021-01-08-14-53,6
s.4daa45a6-2532-4ec9-893b-d9e255a952cb.txt,21255,21255,21255,21255,21255,21255,21255,"",0,2021-03-17-16-11,2021-03-17-16-16,5
s.49b038e0-efa7-47f9-9f41-dc345f9b004b.txt,22883,22883,22883,22883,22883,22883,22883,"",0,2021-03-15-19-54,2021-03-15-19-59,5
s.ee6460ae-c7e6-43a1-a6f2-b6b3b63908c3.txt,22753,22753,22753,22753,22753,22753,22753,"",0,2020-12-05-19-21,2020-12-05-19-26,5
s.7e87aa11-e9f5-4e9c-b15f-4aad33bb851a.txt,24576,24576,24576,24576,24576,24576,24576,"",0,2021-03-25-10-49,2021-03-25-10-55,6
s.c016a980-6514-4088-a1fb-502ccc1b6229.txt,19455,19455,19455,19455,19455,19455,19455,"",0,2021-03-19-19-31,2021-03-19-19-40,9
s.f36b5cb8-367f-4383-8cea-e835eca45d38.txt,23819,23819,23819,23819,23819,23819,23819,"",0,2021-02-07-13-02,2021-02-07-13-07,5
s.48fdfc74-a894-4956-b4e1-632c72faa8e7.txt,16735,16735,16735,16735,16735,16735,16735,"",0,2020-12-01-18-56,2020-12-01-19-01,5
s.66fca37e-35b7-4605-9602-11ad064d9838.txt,21319,21319,21319,21319,21319,21319,21319,"",0,2021-03-17-22-30,2021-03-17-22-38,8
s.be3a55e6-ab04-4aa8-959e-aa985ea6ae4f.txt,"","","","","","","","",0,2020-12-02-17-28,"",""
s.40042b61-720d-4fd8-bf7c-b0773e486d6f.txt,18329,18329,18329,18329,18329,18329,18329,"",0,2020-12-02-22-31,2020-12-02-22-36,5
s.59412e58-655b-4091-a889-216eeb6db84f.txt,22182,22182,22182,22182,22182,22182,22182,"",0,2020-12-16-21-50,2020-12-16-21-56,6
s.e7389a91-1736-4020-b97d-d4dfc877ac6f.txt,19193,19193,19193,19193,19193,19193,19193,"",0,2020-12-04-19-56,2020-12-04-20-02,6
s.53683131-dc06-4b89-a089-8f3d7be63ead.txt,27797,27797,27797,27797,27797,27797,27797,"",0,2021-02-01-10-42,2021-02-01-10-48,6
s.1a332b6e-e78b-40ad-a04b-c49df9fc59f2.txt,22100,22100,22100,22100,22100,22100,22100,"",0,2021-03-24-20-48,2021-03-24-20-53,5
s.5b836114-2603-4b76-aa48-7c86c89234cc.txt,18451,18451,18451,18451,18451,18451,18451,"",0,2020-12-03-14-47,2020-12-03-14-52,5
s.5db41dd0-3fc3-45eb-9064-50857e2818c7.txt,23105,23105,23105,23105,23105,23105,23105,"",0,2021-03-15-12-32,"",""
s.9919e999-03da-41ec-841c-f446bbe0d0f0.txt,25379,25379,25379,25379,25379,25379,25379,"",0,2021-05-07-10-42,2021-05-07-10-48,6
s.2f912345-a515-4363-ba4e-089047887279.txt,27503,27503,27503,27503,27503,27503,27503,"",0,2020-12-01-22-10,2020-12-01-22-16,6
s.03f6094e-bd87-4f81-a6d4-88fdd6085bfe.txt,19936,19936,19936,19936,19936,19936,19936,"",0,2021-03-17-17-13,2021-03-17-17-19,6
s.93bf57d5-9147-4682-aaac-55f8c4e05bc1.txt,27581,27581,27581,27581,27581,27581,27581,"",0,2021-03-17-12-44,2021-03-17-12-49,5
s.31ac26c2-1407-49b8-8ad1-e6a1edccd13c.txt,29120,29120,29120,29120,29120,29120,29120,"",0,2021-03-15-20-19,2021-03-15-20-25,6
s.1ecc8a96-0efe-453c-a2ce-6e6b49bbb7ad.txt,34715,34715,34715,34715,34715,34715,34715,"",0,2021-03-15-19-19,2021-03-15-19-25,6
s.e8d6ad9c-6878-467f-a083-92330b83bf1c.txt,"","","","","","","","",0,2021-03-20-18-11,"",""
s.153b24eb-0ae9-4b4a-860f-85866cd9cc8a.txt,10795,10795,10795,10795,10795,10795,10795,"",0,2021-04-22-12-27,2021-04-22-12-32,5
s.fc8e5fb2-cccb-4f4d-8459-72122b6efb5f.txt,15095,15095,15095,15095,15095,15095,15095,"",0,2020-12-03-14-11,2020-12-03-14-18,7
s.b0b6eeb6-7c46-4e7c-8d72-bc7ef70005e4.txt,28028,28028,28028,28028,28028,28028,28028,"",0,2021-03-15-18-56,2021-03-15-19-02,6
s.33f8bc0d-fe30-468e-9300-cde6487a886e.txt,50589,50589,50589,50589,50589,50589,50589,"",0,2021-03-20-22-03,2021-03-20-22-09,6
s.c4b395f0-0d2b-45e5-9d50-070a38e1dd61.txt,27732,27732,27732,27732,27732,27732,27732,"",0,2021-04-24-16-20,2021-04-24-16-25,5
s.461d2ae1-7aab-4cda-a7db-0d7f4a388288.txt,28593,28593,28593,28593,28593,28593,28593,"",0,2020-12-02-17-56,2020-12-02-18-02,6
s.38c94789-9fda-4f52-92a2-643c64bbcbb0.txt,21068,21068,21068,21068,21068,21068,21068,"",0,2021-02-14-18-18,2021-02-14-18-26,8
s.f3a60bc2-c00d-46b7-9c1f-176d4bb0b366.txt,30674,30674,30674,30674,30674,30674,30674,"",0,2021-03-18-19-26,2021-03-18-19-31,5
s.307be2a0-39c1-4a2a-a950-ecaaef6f6e25.txt,33128,33128,33128,33128,33128,33128,33128,"",0,2021-01-21-23-06,2021-01-21-23-12,6
s.cc8f3506-ee16-4c14-a7a5-c1530611e971.txt,20298,20298,20298,20298,20298,20298,20298,"",0,2021-01-05-18-49,2021-01-05-18-54,5
s.bdecda77-4580-4645-822a-c770d87e2efa.txt,56836,56836,56836,56836,56836,56836,56836,"",0,2021-01-17-12-30,2021-01-17-12-36,6
s.a58623d7-00a7-4561-965b-f1ce6ad2c816.txt,19091,19091,19091,19091,19091,19091,19091,"",0,2021-04-09-17-20,2021-04-09-17-26,6
s.b23b2472-5552-4645-ae07-ce554005fd63.txt,42769,42769,42769,42769,42769,42769,42769,"",0,2021-03-26-09-36,2021-03-26-09-43,7
s.3f1855db-7252-4944-8e85-5b0b103d45ea.txt,30687,30687,30687,30687,30687,30687,30687,"",0,2021-03-20-22-04,2021-03-20-22-10,6
s.5e5f9b9b-91c0-4f81-9add-21248620e208.txt,21558,21558,21558,21558,21558,21558,21558,"",0,2021-04-07-17-20,2021-04-07-17-33,13
s.938870b8-c0cb-4a85-a5c2-94ff242f3c6b.txt,33644,33644,33644,33644,33644,33644,33644,"",0,2021-05-23-12-03,2021-05-23-12-09,6
s.5a429921-0711-4350-90b4-648db3acecd1.txt,15078,15078,15078,15078,15078,15078,15078,"",0,2021-02-25-12-42,2021-02-25-12-48,6
s.55dbd3e5-ed6f-4701-8be3-9a0bf484b94c.txt,15919,15919,15919,15919,15919,15919,15919,"",0,2021-03-15-17-15,2021-03-15-17-19,4
s.3eb647ce-7398-4043-86e2-384816baf5c0.txt,19748,19748,19748,19748,19748,19748,19748,"",0,2021-03-16-17-20,2021-03-16-17-27,7
s.4f6ab014-8e5a-4bd0-ba70-24bd656ad881.txt,23679,23679,23679,23679,23679,23679,23679,"",0,2021-03-23-21-45,2021-03-23-21-50,5
s.6c9089a2-dc02-47f5-a83f-51e992c5808b.txt,22346,22346,22346,22346,22346,22346,22346,"",0,2020-12-05-17-12,2020-12-05-17-18,6
s.a8d240a8-b54b-4d19-a25d-cc878dbbabc1.txt,26743,26743,26743,26743,26743,26743,26743,"",0,2021-03-16-12-41,2021-03-16-12-46,5
s.3400ae16-5fdf-4511-af5e-5e0ea3d16e1b.txt,18096,18096,18096,18096,18096,18096,18096,"",0,2021-02-25-15-32,2021-02-25-15-41,9
s.3701c2ef-a05d-4e75-addd-dd36d7947589.txt,45894,45894,45894,45894,45894,45894,45894,"",0,2021-03-18-15-53,2021-03-18-16-44,51
s.7b938806-ddb2-4413-bb51-2bd4063fb15e.txt,22698,22698,22698,22698,22698,22698,22698,"",0,2021-01-27-19-59,2021-01-27-20-06,7
s.3de9da26-0a1a-4ebb-b7a4-c4dc4b2ea66c.txt,43830,43830,43830,43830,43830,43830,43830,"",0,2021-03-17-18-38,2021-03-17-18-46,8
s.17eec192-4646-4075-b611-238aaf832d05.txt,25406,25406,25406,25406,25406,25406,25406,"",0,2021-01-08-15-25,"",""
s.d1783064-1249-47d1-8237-efb6e4de8c1b.txt,14824,14824,14824,14824,14824,14824,14824,"",0,2021-05-18-16-11,2021-05-18-16-18,7
s.74d5c55b-fa55-40f1-b9bc-224afec38194.txt,19911,19911,19911,19911,19911,19911,19911,"",0,2021-05-23-16-08,"",""
s.1950833f-4b18-4e99-a9b6-bde3e89fd8ce.txt,30612,30612,30612,30612,30612,30612,30612,"",0,2020-11-28-15-28,2020-11-28-15-35,7
s.37d92b50-dbaf-46d8-ab6e-e0a70bd9135e.txt,21296,21296,21296,21296,21296,21296,21296,"",0,2021-01-15-14-41,2021-01-15-14-46,5
s.e0fce8e9-0ef2-497b-b9d3-96e081434287.txt,14765,14765,14765,14765,14765,14765,14765,"",0,2021-03-17-17-22,2021-03-17-17-28,6
s.d6f5daf3-6c88-4490-9e66-97e1ee7e0206.txt,37884,37884,37884,37884,37884,37884,37884,"",0,2021-01-13-21-15,2021-01-13-21-21,6
s.5da06913-9a08-434a-b908-975bdacbcca9.txt,20152,20152,20152,20152,20152,20152,20152,"",0,2021-03-15-16-28,2021-03-15-16-35,7
s.6a35e494-ce5c-414e-b832-5150cc56f383.txt,20515,20515,20515,20515,20515,20515,20515,"",0,2021-03-27-16-45,2021-03-27-16-50,5
s.66df1926-113c-4edc-849b-983cb6dfd709.txt,27505,27505,27505,27505,27505,27505,27505,"",0,2021-01-07-17-25,2021-01-07-17-30,5
s.2ea23e92-9c7d-4785-8b79-8c15862a7207.txt,22737,22737,22737,22737,22737,22737,22737,"",0,2021-01-28-15-08,2021-01-28-15-13,5
s.aa7064ca-13c4-40c4-ba9c-33005dae0f74.txt,57061,57061,57061,57061,57061,57061,57061,"",0,2021-03-14-17-59,2021-03-14-18-06,7
s.501f8cdf-deca-4412-9c93-94873ccaca7f.txt,20315,20315,20315,20315,20315,20315,20315,"",0,2021-05-18-18-23,2021-05-18-18-28,5
s.8c569926-a06e-4f92-9c3d-84f31ee8d422.txt,46086,46086,46086,46086,46086,46086,46086,"",0,2021-03-15-14-19,2021-03-15-14-24,5
s.d184af3a-29ec-4603-8cef-213cf5460161.txt,24439,24439,24439,24439,24439,24439,24439,"",0,2021-04-28-16-16,2021-04-28-16-21,5
s.f6d89576-61bb-4a1d-a94c-808f890c40c4.txt,35158,35158,35158,35158,35158,35158,35158,"",0,2021-03-22-07-52,2021-03-22-07-57,5
s.957536b9-8845-4e86-a829-729390c0426c.txt,148922,148922,148922,148922,148922,148922,148922,"",0,2021-03-15-19-37,2021-03-15-19-44,7
s.6e9c245b-8d5d-43c3-8780-dd017b08668f.txt,22481,22481,22481,22481,22481,22481,22481,"",0,2021-04-01-16-20,2021-04-01-16-25,5
s.513aa25f-4b88-4edc-a6eb-6a29417834b3.txt,23179,23179,23179,23179,23179,23179,23179,"",0,2021-03-18-09-59,2021-03-18-10-04,5
s.d60e7e85-a4f8-4b5d-8f3b-6980d0cb3f78.txt,20339,20339,20339,20339,20339,20339,20339,"",0,2021-03-15-12-05,"",""
s.8be872f7-9613-4537-80ce-236ef55e36c8.txt,35152,35152,35152,35152,35152,35152,35152,"",0,2021-03-15-16-13,2021-03-15-16-18,5
s.05883358-f5b6-4b2d-97d8-6cb5bb51deae.txt,19692,19692,19692,19692,19692,19692,19692,"",0,2020-12-02-22-30,"",""
s.900f1bd5-4543-49bc-b7ae-bfca925c37c2.txt,32010,32010,32010,32010,32010,32010,32010,"",0,2021-03-17-15-53,2021-03-17-15-59,6
s.aa731f72-401a-4816-8d3a-a073fcda9140.txt,32122,32122,32122,32122,32122,32122,32122,"",0,2021-03-17-18-57,2021-03-17-19-02,5
s.aac7da78-4c45-4422-82f9-489c2c63edb2.txt,"","","","","","","","",0,2021-01-17-12-29,"",""
s.ed12cd79-29b5-4611-a70d-7111728168c4.txt,31724,31724,31724,31724,31724,31724,31724,"",0,2021-04-15-08-38,"",""
s.2f582470-cc0d-4920-821e-55e9aa53105b.txt,62932,62932,62932,62932,62932,62932,62932,"",0,2021-03-16-17-57,2021-03-16-18-02,5
s.29e3326c-7824-4225-ad5f-cdab1aa66d16.txt,25663,25663,25663,25663,25663,25663,25663,"",0,2021-03-16-14-14,2021-03-16-14-19,5
s.02d3e656-9aa5-4579-b858-18d11ad6d488.txt,17528,17528,17528,17528,17528,17528,17528,"",0,2021-03-16-22-11,2021-03-16-22-19,8
s.6fcd978a-080a-453e-b9f2-855fe25f7a78.txt,23369,23369,23369,23369,23369,23369,23369,"",0,2020-12-10-22-40,2020-12-10-22-45,5
s.4b1a6d08-6aaf-4acb-addd-34ebba3d5b39.txt,27510,27510,27510,27510,27510,27510,27510,"",0,2021-03-15-20-51,2021-03-15-20-56,5
s.69abba14-8aac-4bb0-9e2b-03a5b9fbd261.txt,25263,25263,25263,25263,25263,25263,25263,"",0,2021-01-21-16-32,2021-01-21-16-38,6
s.19149afb-444e-4dbf-8e74-05bd49c64598.txt,26099,26099,26099,26099,26099,26099,26099,"",0,2021-03-15-15-27,2021-03-15-15-33,6
s.564b5304-996f-41ba-916f-fc50c1d84f9b.txt,35847,35847,35847,35847,35847,35847,35847,"",0,2021-01-07-17-13,2021-01-07-17-19,6
s.592d19f9-21e2-49ec-b20c-69bf0555c54f.txt,23184,23184,23184,23184,23184,23184,23184,"",0,2021-03-21-18-36,2021-03-21-18-41,5
s.47783348-adab-4593-956c-4fc96934768e.txt,27132,27132,27132,27132,27132,27132,27132,"",0,2021-03-30-03-48,2021-03-30-03-54,6
s.5cc6bbc4-79d0-48e2-9c99-0e41ecf24c01.txt,16416,16416,16416,16416,16416,16416,16416,"",0,2020-12-08-10-22,2020-12-08-10-27,5
s.afc26021-f54c-4746-9fce-1d3388689539.txt,22835,22835,22835,22835,22835,22835,22835,"",0,2021-03-16-16-12,2021-03-16-16-18,6
s.c2e4a3e3-02c9-4b79-92f1-480d7f209c30.txt,26029,26029,26029,26029,26029,26029,26029,"",0,2021-03-17-13-46,2021-03-17-13-53,7
s.52e9123b-a34f-4349-9b24-b6887ae3b835.txt,24568,24568,24568,24568,24568,24568,24568,"",0,2020-12-19-14-51,2020-12-19-14-57,6
s.99b8f3e6-e6c6-467d-b856-aa72d4bec921.txt,26658,26658,26658,26658,26658,26658,26658,"",0,2021-01-16-13-11,"",""
s.4c6499e0-76f4-4645-a622-6f3e981afbe5.txt,17340,17340,17340,17340,17340,17340,17340,"",0,2020-11-26-16-04,2020-11-26-16-09,5
s.b034b48d-866b-4bca-a563-69fe271266b4.txt,27113,27113,27113,27113,27113,27113,27113,"",0,2021-03-27-11-55,2021-03-27-12-01,6
s.b2ce9f2c-bbae-4186-b79c-5bdab04bb238.txt,17872,17872,17872,17872,17872,17872,17872,"",0,2021-04-27-10-18,"",""
s.8de9cf12-23c3-4387-92fc-5c2664533129.txt,39542,39542,39542,39542,39542,39542,39542,"",0,2021-03-22-09-58,2021-03-22-10-04,6
s.136a3126-aecb-4ffb-b8bd-25fe54f5da93.txt,18111,18111,18111,18111,18111,18111,18111,"",0,2021-03-15-21-52,2021-03-15-21-57,5
s.a64abbfe-af5e-49df-b49e-e5c7f0353186.txt,31601,31601,31601,31601,31601,31601,31601,"",0,2020-12-01-23-51,2020-12-01-23-57,6
s.defb2fe5-2d47-4a58-8b00-aaaf5f3fea56.txt,20602,20602,20602,20602,20602,20602,20602,"",0,2021-03-16-14-25,"",""
s.a2d59934-0878-4312-8af5-42164aa48b80.txt,19387,19387,19387,19387,19387,19387,19387,"",0,2020-12-01-19-30,2020-12-01-19-35,5
s.8e519c51-f61b-49f6-a2dc-8877d0e12e01.txt,2178438,2178438,2178438,2178438,2178438,2178438,2178438,"",0,2021-05-21-19-06,2021-05-21-20-02,56
s.931a7ed6-f031-43e9-a598-b2b878ef6d01.txt,17853,17853,17853,17853,17853,17853,17853,"",0,2020-12-12-13-15,2020-12-12-13-23,8
s.56fc2c10-4666-4777-8e42-8ff519b93ede.txt,17175,17175,17175,17175,17175,17175,17175,"",0,2021-04-15-15-42,2021-04-15-15-47,5
s.515fadf4-b41b-43f0-8f7d-f6dfb53ff758.txt,21857,21857,21857,21857,21857,21857,21857,"",0,2021-01-21-20-59,2021-01-21-21-04,5
s.92909ef9-42fd-4350-bfe4-d1d392bc0d02.txt,31330,31330,31330,31330,31330,31330,31330,"",0,2021-02-05-12-21,2021-02-05-12-27,6
s.5a691172-6644-45fc-99ee-e3801f1600b3.txt,28061,28061,28061,28061,28061,28061,28061,"",0,2021-03-16-18-41,2021-03-16-18-47,6
s.4cd71b02-3863-451e-b4e0-a636b24db727.txt,53058,53058,53058,53058,53058,53058,53058,"",0,2020-12-04-19-12,2020-12-04-19-19,7
s.44d466d4-abcc-4283-956b-1a0df33a2b2b.txt,14720,14720,14720,14720,14720,14720,14720,"",0,2021-03-26-15-13,2021-03-26-15-19,6
s.370aa249-c12b-4206-aa63-cf91563fd093.txt,23675,23675,23675,23675,23675,23675,23675,"",0,2020-12-18-23-41,"",""
s.c9909815-0506-473c-ad70-e2fd8e3c6e46.txt,21734,21734,21734,21734,21734,21734,21734,"",0,2021-01-09-11-47,2021-01-09-11-54,7
s.aede7666-f892-4414-94cb-26c68b76eb20.txt,27833,27833,27833,27833,27833,27833,27833,"",0,2021-03-19-09-51,2021-03-19-09-57,6
s.35408526-412d-4cd6-9bcb-436f7867294b.txt,42848,42848,42848,42848,42848,42848,42848,"",0,2021-03-18-16-13,2021-03-18-16-19,6
s.fbbd9a29-afb7-428c-9c7d-aa87e0f52c91.txt,15927,15927,15927,15927,15927,15927,15927,"",0,2021-04-28-09-32,2021-04-28-09-36,4
s.1769a438-4c6c-430a-8102-873a3cff83fb.txt,19165,19165,19165,19165,19165,19165,19165,"",0,2021-03-15-18-31,2021-03-15-18-36,5
s.d3c0e102-42c9-41ab-8dc8-1afb23312b8d.txt,26407,26407,26407,26407,26407,26407,26407,"",0,2021-05-24-14-45,2021-05-24-14-50,5
s.fab33e65-2308-486e-9d21-99b77cfd2bc1.txt,51772,51772,51772,51772,51772,51772,51772,"",0,2021-01-05-18-14,2021-01-05-18-25,11
s.37812177-9393-4129-87b9-8d2059cd4477.txt,28108,28108,28108,28108,28108,28108,28108,"",0,2021-03-18-15-54,2021-03-18-16-00,6
s.aef9d6c1-a3ca-447d-8441-c30b2eaa3a02.txt,14839,14839,14839,14839,14839,14839,14839,"",0,2021-04-27-12-17,2021-04-27-12-24,7
s.e0dd4f33-eec2-4943-80c0-4963349ed0e2.txt,16025,16025,16025,16025,16025,16025,16025,"",0,2021-04-27-10-13,2021-04-27-10-18,5
s.24453bd8-9658-41de-a78c-b3ea01aa418e.txt,23591,23591,23591,23591,23591,23591,23591,"",0,2020-12-02-11-10,2020-12-02-11-17,7
s.cbbbeea0-c481-476c-a0fc-a4d3ee5796b6.txt,26117,26117,26117,26117,26117,26117,26117,"",0,2021-03-16-22-26,2021-03-16-22-31,5
s.f7d7f2e5-a904-4bdd-a29c-53e3aaad4e6f.txt,19891,19891,19891,19891,19891,19891,19891,"",0,2021-03-23-18-18,2021-03-23-18-23,5
s.00c14402-fed7-4c22-8870-2132a9b680ea.txt,26841,26841,26841,26841,26841,26841,26841,"",0,2020-12-02-20-38,2020-12-02-20-43,5
s.cacc7e80-e63e-4536-956f-d322533c9899.txt,26697,26697,26697,26697,26697,26697,26697,"",0,2021-03-13-10-16,2021-03-13-10-23,7
s.f4711ec8-f5b9-429a-9a96-5fe76a63d3cd.txt,25777,25777,25777,25777,25777,25777,25777,"",0,2021-03-15-23-42,2021-03-15-23-48,6
s.37be2cb0-7a81-46e0-bdd5-80444ccdc040.txt,23493,23493,23493,23493,23493,23493,23493,"",0,2020-12-03-18-03,2020-12-03-18-08,5
s.3976e414-3617-4bb4-92bf-4c07a1f986b6.txt,"","","","","","","","",0,2021-03-15-01-06,"",""
s.b4a8892b-e440-4c0f-b06f-e9ade77235ae.txt,20051,20051,20051,20051,20051,20051,20051,"",0,2021-05-25-23-13,"",""
s.04dc072a-8ab8-455c-8bb9-0e77af6fd403.txt,60753,60753,60753,60753,60753,60753,60753,"",0,2020-12-03-16-39,2020-12-03-16-46,7
s.3ef9d531-3563-4a37-99e7-6437d4c3c82c.txt,18324,18324,18324,18324,18324,18324,18324,"",0,2020-12-04-15-06,2020-12-04-15-12,6
s.8b12fc94-a587-48fb-9ee2-2fe12b1dc98c.txt,19182,19182,19182,19182,19182,19182,19182,"",0,2021-03-16-18-51,2021-03-16-18-56,5
s.4432ea92-da28-4539-a471-0af124766abc.txt,17196,17196,17196,17196,17196,17196,17196,"",0,2021-05-20-20-33,2021-05-20-20-38,5
s.47342153-3ffb-4365-bfc5-f4247410deb2.txt,30100,30100,30100,30100,30100,30100,30100,"",0,2021-03-24-20-12,"",""
s.002ac34a-08fb-44eb-8641-bcfd93f1633c.txt,17991,17991,17991,17991,17991,17991,17991,"",0,2021-03-24-20-33,2021-03-24-20-38,5
s.0d7f3a3c-8e99-4fea-b64b-08096eb76c19.txt,30461,30461,30461,30461,30461,30461,30461,"",0,2021-03-21-18-59,2021-03-21-19-05,6
s.d9237be0-5dc7-4815-8460-5f23197f4491.txt,21934,21934,21934,21934,21934,21934,21934,"",0,2021-03-15-18-40,2021-03-15-18-45,5
s.ca08fbfd-c159-4f26-815a-9e3f1e566e3f.txt,22583,22583,22583,22583,22583,22583,22583,"",0,2020-12-02-16-20,2020-12-02-16-26,6
s.37a7252e-1da8-412e-8a51-fd0fcf533b60.txt,19758,19758,19758,19758,19758,19758,19758,"",0,2021-05-17-21-46,2021-05-17-21-51,5
s.dd113c4c-7f20-4c60-afe0-2f3801cb5702.txt,17279,17279,17279,17279,17279,17279,17279,"",0,2021-03-16-17-58,"",""
s.d68649e2-fe79-4337-aa06-bcc6cf5c4b2a.txt,17936,17936,17936,17936,17936,17936,17936,"",0,2020-12-01-19-44,"",""
s.ff02d2ea-94eb-41c2-ad82-e4505f171fbf.txt,33522,33522,33522,33522,33522,33522,33522,"",0,2021-05-21-14-50,2021-05-21-14-56,6
s.c976e8b6-33ad-4f33-861a-e8108add209c.txt,19547,19547,19547,19547,19547,19547,19547,"",0,2020-11-25-11-04,"",""
s.5f8b2bb8-cc1f-47b0-ab2f-6a687bb8c7c2.txt,15535,15535,15535,15535,15535,15535,15535,"",0,2021-03-25-17-09,2021-03-25-17-14,5
s.08b291e8-829c-461a-8e61-a4d7e1301391.txt,29597,29597,29597,29597,29597,29597,29597,"",0,2021-01-20-12-14,2021-01-20-12-20,6
s.c412dba5-8e18-4a2c-81ae-0c8270a769e5.txt,25261,25261,25261,25261,25261,25261,25261,"",0,2021-03-17-18-29,2021-03-17-18-34,5
s.9749ba9a-8931-4856-a131-b0cb31a1f7f8.txt,21491,21491,21491,21491,21491,21491,21491,"",0,2021-05-11-18-39,2021-05-11-18-44,5
s.f392860a-a42b-4bb1-bf20-e444da68ea27.txt,23901,23901,23901,23901,23901,23901,23901,"",0,2021-03-25-10-36,2021-03-25-10-45,9
s.ddc7eb0b-2cd1-4c6c-9ae9-57d0a899fc88.txt,19213,19213,19213,19213,19213,19213,19213,"",0,2021-03-05-22-47,2021-03-05-22-53,6
s.0ab9b2f2-42ab-4e43-b8ed-a2a6212b2ad3.txt,17092,17092,17092,17092,17092,17092,17092,"",0,2021-03-15-15-15,2021-03-15-15-21,6
s.9e802225-5d4a-4d67-ab37-4477f51ecbf2.txt,15557,15557,15557,15557,15557,15557,15557,"",0,2021-03-17-14-00,2021-03-17-14-05,5
s.f4068224-2d60-441e-a7c6-aa4767b702e6.txt,24262,24262,24262,24262,24262,24262,24262,"",0,2021-03-17-16-52,2021-03-17-16-57,5
s.85f03676-7719-4ab2-aa3d-69a991f2752e.txt,21880,21880,21880,21880,21880,21880,21880,"",0,2021-03-16-23-19,2021-03-16-23-24,5
s.59caf109-4908-40d5-a116-07eec997a3cd.txt,22569,22569,22569,22569,22569,22569,22569,"",0,2021-03-15-21-58,2021-03-15-22-03,5
s.a5f99631-a1d6-4331-9209-b46721dd0d25.txt,20491,20491,20491,20491,20491,20491,20491,"",0,2020-11-25-11-40,2020-11-25-11-45,5
s.15538f01-d82a-43c5-a58d-d06d0803a830.txt,27065,27065,27065,27065,27065,27065,27065,"",0,2021-03-17-16-32,2021-03-17-16-39,7
s.ccf4c55d-517e-411b-b695-99bb13247fe6.txt,19271,19271,19271,19271,19271,19271,19271,"",0,2021-04-12-19-15,2021-04-12-19-20,5
s.5046f3d1-7296-4f87-bff7-746ec2c85fe6.txt,15909,15909,15909,15909,15909,15909,15909,"",0,2021-03-17-21-29,2021-03-17-21-36,7
s.3512a762-d6ad-4fe9-be2b-e00913146dc7.txt,20316,20316,20316,20316,20316,20316,20316,"",0,2021-03-15-15-44,2021-03-15-15-50,6
s.3b6d87d2-fc7a-4c1f-920a-4ec126a8c840.txt,29217,29217,29217,29217,29217,29217,29217,"",0,2021-03-15-14-18,2021-03-15-14-23,5
s.8f2a3c38-a624-47b4-8294-f11ab9b2867c.txt,77021,77021,77021,77021,77021,77021,77021,"",0,2020-12-10-11-11,2020-12-10-11-21,10
s.b446ea5f-ad41-4e04-8c99-2ba75fee45c0.txt,31348,31348,31348,31348,31348,31348,31348,"",0,2020-12-04-17-21,"",""
s.88925e37-c722-47bf-9557-645687839f75.txt,18368,18368,18368,18368,18368,18368,18368,"",0,2021-03-16-15-30,2021-03-16-15-35,5
s.8f3fabf8-c388-46d7-95a1-063d444cb1c2.txt,27578,27578,27578,27578,27578,27578,27578,"",0,2020-12-18-23-15,2020-12-18-23-22,7
s.fd6fb2ea-a5fe-4692-8160-5ce6d83c8ce2.txt,23202,23202,23202,23202,23202,23202,23202,"",0,2021-03-15-19-38,2021-03-15-19-43,5
s.cd6818a8-1d14-4113-bc4b-3127e53392e7.txt,23912,23912,23912,23912,23912,23912,23912,"",0,2021-03-16-11-27,2021-03-16-11-32,5
s.78235fa4-d85c-45ec-932b-bb46dfbbd78d.txt,31867,31867,31867,31867,31867,31867,31867,"",0,2021-03-21-19-44,2021-03-21-19-49,5
s.979b50f8-a73e-4666-9d61-82e97a674574.txt,171434,171434,171434,171434,171434,171434,171434,"",0,2021-03-17-20-49,2021-03-17-20-57,8
s.7b523495-a0f8-4efa-acc5-2423d087ee49.txt,22351,22351,22351,22351,22351,22351,22351,"",0,2021-01-05-18-47,"",""
s.3c80ecba-42be-4a32-9e60-980b0bf1a8f5.txt,28975,28975,28975,28975,28975,28975,28975,"",0,2021-03-18-18-14,2021-03-18-18-19,5
s.aabd54ad-7a08-41d0-a35f-d1a536b48b1f.txt,19455,19455,19455,19455,19455,19455,19455,"",0,2021-03-25-21-49,2021-03-25-21-54,5
s.c7e2ca36-0ed6-4684-88ac-d9d63c724475.txt,17976,17976,17976,17976,17976,17976,17976,"",0,2021-04-26-18-14,"",""
s.b22b3de3-e044-40e1-a271-51671ad7afe9.txt,32794,32794,32794,32794,32794,32794,32794,"",0,2021-03-15-18-27,2021-03-15-18-33,6
s.04cbcd88-4e23-4d6a-9d30-03040be1d304.txt,21354,21354,21354,21354,21354,21354,21354,"",0,2021-03-18-18-08,2021-03-18-18-13,5
s.60d54036-b4a9-46a1-9991-ae719487c2bf.txt,"","","","","","","","",0,2020-12-08-13-11,"",""
s.b4a4e215-7c60-4319-b8ad-19539696e50b.txt,258344,258344,258344,258344,258344,258344,258344,"",0,2021-05-24-18-21,2021-05-24-18-33,12
s.eebe32e2-ee85-4442-b0dd-d393e5767ae2.txt,12507,12507,12507,12507,12507,12507,12507,"",0,2021-03-16-21-12,2021-03-16-21-18,6
s.8a50b939-cef5-45b6-9914-7642553f1e1e.txt,28064,28064,28064,28064,28064,28064,28064,"",0,2021-03-19-10-29,2021-03-19-10-34,5
s.c335cf27-f248-4cc0-93f2-fe73ced27e79.txt,26594,26594,26594,26594,26594,26594,26594,"",0,2021-03-16-21-54,2021-03-16-21-59,5
s.79b506df-498a-4241-8375-7a6d30bec761.txt,18550,18550,18550,18550,18550,18550,18550,"",0,2021-03-16-18-00,"",""
s.aa4dacdc-9a48-4402-83fe-7c2839e9d6d4.txt,19484,19484,19484,19484,19484,19484,19484,"",0,2021-03-16-15-37,2021-03-16-15-42,5
s.3cf517e5-bf4f-4724-b771-8c9eac8b312a.txt,21842,21842,21842,21842,21842,21842,21842,"",0,2020-12-01-21-30,2020-12-01-21-35,5
s.632c4b78-5851-40be-b16e-054fe38c8f0c.txt,25448,25448,25448,25448,25448,25448,25448,"",0,2021-03-18-12-42,2021-03-18-12-47,5
s.2691bf76-49c0-4d39-8ed9-6452b640a747.txt,20296,20296,20296,20296,20296,20296,20296,"",0,2021-04-05-16-27,2021-04-05-17-03,36
s.8a66a5df-8962-455e-877d-101dadb08139.txt,17302,17302,17302,17302,17302,17302,17302,"",0,2021-03-15-18-52,2021-03-15-18-57,5
s.13c8dc31-f76d-42c8-83a2-a6c5358b0a36.txt,28426,28426,28426,28426,28426,28426,28426,"",0,2021-04-03-18-22,2021-04-03-18-28,6
s.2def6b45-8393-40ad-b454-fab47adf23bc.txt,76425,76425,76425,76425,76425,76425,76425,"",0,2021-03-17-19-53,2021-03-17-19-59,6
s.3d4497cc-d99f-4f53-b7a1-43b8bb2b84d5.txt,15165,15165,15165,15165,15165,15165,15165,"",0,2021-03-19-17-46,"",""
s.a54a6ea8-aeeb-4628-9884-652904308a58.txt,17672,17672,17672,17672,17672,17672,17672,"",0,2021-03-22-14-49,2021-03-22-14-55,6
s.8c27f78c-0e81-4c49-a206-49e973188064.txt,51108,51108,51108,51108,51108,51108,51108,"",0,2020-11-25-19-03,2020-11-25-19-09,6
s.6802711f-3d69-48b9-a778-79d279f86ea5.txt,17313,17313,17313,17313,17313,17313,17313,"",0,2021-03-15-23-46,2021-03-15-23-50,4
s.3959ce5b-23e8-485a-818d-c5511a6e048c.txt,26811,26811,26811,26811,26811,26811,26811,"",0,2021-03-26-10-44,2021-03-26-10-49,5
s.59e9b7a2-b2c5-499f-a90f-5d3128a40e59.txt,24577,24577,24577,24577,24577,24577,24577,"",0,2020-12-11-12-22,2020-12-11-12-35,13
s.4376840e-865f-471f-a072-bdaeb12280c8.txt,179914,179914,179914,179914,179914,179914,179914,"",0,2021-03-31-12-43,2021-03-31-12-51,8
s.bba7893d-1780-4aa6-a194-bd0af3baa4f1.txt,25159,25159,25159,25159,25159,25159,25159,"",0,2021-05-23-16-10,2021-05-23-16-15,5
s.41064f38-bc5a-4af6-aea0-6e4ac07d2775.txt,34020,34020,34020,34020,34020,34020,34020,"",0,2021-03-25-09-59,"",""
s.6a7fe78f-c635-4d8d-8a9a-8917d8d2d122.txt,18833,18833,18833,18833,18833,18833,18833,"",0,2021-03-30-11-00,"",""
s.5c9f9835-3435-4e9c-a251-2c8084b89434.txt,"","","","","","","","",0,2020-12-03-14-51,"",""
s.d4a0887b-94a6-4a69-965e-f68edc7f2f28.txt,23637,23637,23637,23637,23637,23637,23637,"",0,2021-03-16-11-19,2021-03-16-11-27,8
s.5a6525bb-dd8b-4fda-8306-16551f7bc158.txt,18243,18243,18243,18243,18243,18243,18243,"",0,2021-03-16-11-49,2021-03-16-12-01,12
s.9d160ff3-8487-49f0-a0e5-ba806c81e4f1.txt,32780,32780,32780,32780,32780,32780,32780,"",0,2021-03-21-09-55,"",""
s.83848b24-1c32-49ca-9b02-596b91613372.txt,15297,15297,15297,15297,15297,15297,15297,"",0,2021-01-22-22-29,2021-01-22-22-34,5
s.fc321729-46a9-4c0b-9699-36117d7fd09d.txt,29566,29566,29566,29566,29566,29566,29566,"",0,2021-03-15-17-34,2021-03-15-17-40,6
s.85aca26c-0509-4677-a565-748e12408746.txt,21041,21041,21041,21041,21041,21041,21041,"",0,2020-12-03-12-54,2020-12-03-12-59,5
s.fee06422-c759-4e7f-aa11-6ced4b7adaa8.txt,32793,32793,32793,32793,32793,32793,32793,"",0,2021-03-15-20-58,2021-03-15-21-04,6
s.ec1ceb2e-d8ea-457a-9ddc-7fa971e8baa3.txt,17968,17968,17968,17968,17968,17968,17968,"",0,2021-03-16-18-01,2021-03-16-18-07,6
s.ed23a604-218a-4421-b305-7704e5887700.txt,13911,13911,13911,13911,13911,13911,13911,"",0,2020-11-25-16-08,2020-11-25-16-13,5
s.0eb703c1-5e07-4531-b9f3-61c602a372ce.txt,14418,14418,14418,14418,14418,14418,14418,"",0,2020-12-09-12-21,"",""
s.4f6d0d0c-4130-44db-93e7-672980001ed4.txt,51418,51418,51418,51418,51418,51418,51418,"",0,2020-12-04-17-37,2020-12-04-17-42,5
s.62772fa8-4ff8-47a0-b3c3-2d987a52b872.txt,20181,20181,20181,20181,20181,20181,20181,"",0,2021-03-15-19-38,2021-03-15-19-43,5
s.e57a0d50-3fe6-4266-823d-3996b5fc74f8.txt,24351,24351,24351,24351,24351,24351,24351,"",0,2021-03-16-10-27,2021-03-16-10-32,5
s.1d0b196b-bb06-4c09-898c-22dc8c45e720.txt,19238,19238,19238,19238,19238,19238,19238,"",0,2021-03-16-12-29,2021-03-16-12-34,5
s.2ce62ec9-8d94-4df5-8235-f5c9b63d2e78.txt,13788,13788,13788,13788,13788,13788,13788,"",0,2021-03-15-16-48,2021-03-15-16-52,4
s.8076be9d-c1d3-4674-9e60-b0dbeb1f3a12.txt,24909,24909,24909,24909,24909,24909,24909,"",0,2021-05-12-20-41,2021-05-12-20-46,5
s.974a613d-0536-404f-8c45-fc53685912be.txt,35805,35805,35805,35805,35805,35805,35805,"",0,2020-12-10-08-51,2020-12-10-08-56,5
s.e92d6d5b-eb72-4a46-8c22-651382b7a5b6.txt,33338,33338,33338,33338,33338,33338,33338,"",0,2021-03-15-20-19,2021-03-15-20-24,5
s.d467ea78-e3a0-46cf-8f17-831bfa169fd0.txt,16805,16805,16805,16805,16805,16805,16805,"",0,2021-02-12-19-10,2021-02-12-19-15,5
s.2b0a1064-2338-4212-8d35-40536dca3e1d.txt,25685,25685,25685,25685,25685,25685,25685,"",0,2020-12-03-14-52,"",""
s.45d9f876-e7c1-46dc-b77b-6e31803adca6.txt,18784,18784,18784,18784,18784,18784,18784,"",0,2021-03-25-17-09,2021-03-25-17-15,6
s.e8c36c41-c7e4-4000-a150-568603f27499.txt,"","","","","","","","",0,2020-12-02-15-01,"",""
s.c3edfe7b-0700-42a9-96a1-9d382d7fe8fa.txt,15532,15532,15532,15532,15532,15532,15532,"",0,2020-12-02-17-48,"",""
s.fab2e3d8-f022-4256-8acb-43220cdbb715.txt,15463,15463,15463,15463,15463,15463,15463,"",0,2021-03-21-12-12,2021-03-21-12-17,5
s.77fb707c-fa70-4a13-b3b2-b85ae3856f76.txt,18508,18508,18508,18508,18508,18508,18508,"",0,2021-03-15-20-08,2021-03-15-20-13,5
s.11d346fd-fcca-45ba-8fb0-070b104cc5b8.txt,17423,17423,17423,17423,17423,17423,17423,"",0,2021-03-17-11-08,2021-03-17-11-13,5
s.f6df7b55-48bc-4090-9478-6f7d0c0fb9e8.txt,18333,18333,18333,18333,18333,18333,18333,"",0,2021-01-21-20-04,2021-01-21-20-11,7
s.bedd8554-5f48-4f11-8af1-8a671794b3ab.txt,70698,70698,70698,70698,70698,70698,70698,"",0,2021-03-16-19-24,2021-03-16-19-30,6
s.3e915c76-7d10-4321-a2d5-33430b6c66d2.txt,22246,22246,22246,22246,22246,22246,22246,"",0,2021-03-16-21-22,2021-03-16-21-28,6
s.7b2ab119-7020-4903-9f20-f875739bc603.txt,18705,18705,18705,18705,18705,18705,18705,"",0,2021-03-15-18-51,2021-03-15-18-57,6
s.9eb95cad-2a3c-4a39-82c5-e6a079c3d9da.txt,26320,26320,26320,26320,26320,26320,26320,"",0,2021-03-15-21-23,2021-03-15-21-28,5
s.20524957-37d0-46c7-b30d-de8fca73893a.txt,19565,19565,19565,19565,19565,19565,19565,"",0,2020-12-07-10-33,2020-12-07-10-38,5
s.8bad8061-696b-42de-8650-d48c8195213d.txt,24430,24430,24430,24430,24430,24430,24430,"",0,2021-05-08-15-40,2021-05-08-15-45,5
s.39713b42-9b84-4615-9fc6-76bb14f2ec1c.txt,23330,23330,23330,23330,23330,23330,23330,"",0,2020-12-02-15-31,2020-12-02-15-36,5
s.0819f7eb-bc80-4828-af65-37c500d0b5f8.txt,424161,424161,424161,424161,424161,424161,424161,"",0,2021-03-16-21-49,2021-03-16-22-05,16
s.58b6875d-d2da-48cd-9868-e4da7a670100.txt,24417,24417,24417,24417,24417,24417,24417,"",0,2020-12-02-17-41,2020-12-02-17-46,5
s.d83627d8-b6c8-4efb-91c7-dc2c3148c1f4.txt,21670,21670,21670,21670,21670,21670,21670,"",0,2021-05-07-11-19,"",""
s.c3b74cb9-26b0-42b8-a8f6-dcafeb0abea5.txt,28234,28234,28234,28234,28234,28234,28234,"",0,2021-03-17-15-22,2021-03-17-15-28,6
s.ca46091f-76bb-4463-a48c-260183b79b2f.txt,32200,32200,32200,32200,32200,32200,32200,"",0,2021-03-15-15-08,2021-03-15-15-14,6
s.d83e31d9-a3b8-435b-9429-c501a0203185.txt,25483,25483,25483,25483,25483,25483,25483,"",0,2021-02-02-20-51,2021-02-02-20-59,8
s.083f75a4-4d42-4bc4-8c00-069542c7e75b.txt,15513,15513,15513,15513,15513,15513,15513,"",0,2021-03-17-12-43,"",""
s.1118bc90-67df-4fe5-a1e2-66b9c5146c2c.txt,21499,21499,21499,21499,21499,21499,21499,"",0,2021-03-22-21-02,2021-03-22-21-08,6
s.ae13e932-251a-405d-a92c-57f116cebd18.txt,30129,30129,30129,30129,30129,30129,30129,"",0,2021-03-21-15-17,2021-03-21-15-22,5
s.7d5efc22-e38d-431e-9dbf-3ed948600317.txt,186451,186451,186451,186451,186451,186451,186451,"",0,2021-05-11-17-00,2021-05-11-17-13,13
s.e79a40a0-08a6-407c-8eac-1294e7703e9a.txt,29142,29142,29142,29142,29142,29142,29142,"",0,2021-03-16-14-00,2021-03-16-14-15,15
s.bb4b3826-8504-4880-9572-6199b9295ff4.txt,21463,21463,21463,21463,21463,21463,21463,"",0,2021-03-26-11-19,2021-03-26-11-24,5
s.e0303962-9351-4144-920c-c143c94f0d5d.txt,23764,23764,23764,23764,23764,23764,23764,"",0,2021-03-20-18-04,"",""
s.3dce2d04-a2ba-4fb5-bb0b-54dc8d945c2a.txt,30764,30764,30764,30764,30764,30764,30764,"",0,2021-03-17-21-30,2021-03-17-21-35,5
s.5f68f6da-68ad-42bd-8ed8-cee653902ddf.txt,412434,412434,412434,412434,412434,412434,412434,"",0,2021-03-16-11-33,2021-03-16-11-45,12
s.e8369d9d-33f5-4acc-af5a-cbac462ca38e.txt,15579,15579,15579,15579,15579,15579,15579,"",0,2021-03-16-16-31,2021-03-16-16-36,5
s.bfaacd49-b07f-45cd-99d0-5a25ba77f0f1.txt,30024,30024,30024,30024,30024,30024,30024,"",0,2021-01-21-21-01,2021-01-21-21-06,5
s.fd863e43-ca26-489c-853d-51b22aefdbcf.txt,24719,24719,24719,24719,24719,24719,24719,"",0,2021-03-16-14-37,2021-03-16-14-42,5
s.1234c763-957f-42d8-9e75-2ceea0439b94.txt,44314,44314,44314,44314,44314,44314,44314,"",0,2021-03-04-19-13,2021-03-04-19-19,6
