ii,a(repeat.food),a(repeat.plants),a(switch.food),a(switch.plants),v(repeat.food),v(repeat.plants),v(switch.food),v(switch.plants),t(repeat.food),t(repeat.plants),t(switch.food),t(switch.plants),z_trans,z
0,1.1644372153935842,1.6392071957561507,3.463311549654073,3.3562501634300466,2.549164760710774,2.5078479215383704,3.058983254079033,2.9148418453985,0.5626146277600585,0.44132075143622523,0.5801567378163508,0.43508723547496714,-0.22819821433614673,0.4431967325330388
1,1.8724344121141288,1.238710670929316,5.466489885758575,7.502755526084994,1.8471578532749946,1.2301870872799214,1.670865724874242,1.623570528729804,0.45491089496557946,0.39663426455012896,0.3215693109891787,4.630747185337409e-09,0.44656061121603124,0.6098211779596989
2,8.88368416831561,1.406275138221384,7.980676171074221,1.6444038813083464,5.554425343538301,1.7272604575333488,2.8525343369632634,0.06539409559536231,0.07943078436847696,0.40402269692261783,1.9212998381827207e-11,0.857069282239484,0.29858017347977,0.574095391786405
3,1.8237122188151051,4.303952626400827,5.139621511613269,9.115247344070989,1.9868986131556978,3.2581669662717565,1.0854573242689827,1.89514089336965,0.5341233923247445,0.31277100649428136,0.25662299421369605,1.0732035998310875e-09,0.9181900957665109,0.7146731817515876
4,1.4206176247868432,1.4384403887087138,1.4444411740763072,1.3027418057253155,1.5866597003669205,1.247700448643867,0.5632554613009721,-0.11169421079208425,0.39168977772176816,0.2659975362252078,0.8687381745271322,0.7198629687863528,0.05760632806947609,0.5143976007142224
5,1.4689671534170643,1.3487895614099215,3.5412124029195033,3.7354089686365253,2.07314587450023,2.4416698284953684,1.9972454240916953,1.9636732009824232,0.37056442646350524,0.3285136788302513,0.14795535052583145,0.1356839007754371,-0.38509456704398953,0.4048987394559195
6,2.4841471655556915,3.5995717853762943,1.9986721367325326,7.096100679161983,1.3698364954465687,2.3761037843207617,0.9486560608165717,1.6994593042404689,0.5944154448339525,0.3866651297017394,1.003213171173839,0.7770881224728112,0.7850454007909128,0.68676649326663
7,5.541370559248474,3.7293064863873924,8.204129051111114,8.409595248004516,1.809855307917744,2.429567268319954,1.7950415069816517,2.014529602596914,4.615582963163612e-09,0.2017827288467675,1.6345393339577442e-09,0.026908641526445117,0.12370614819080997,0.5308871576992331
8,2.5992708447859814,3.0804469373885337,3.195454551981223,7.417014061262756,1.4317883594068368,2.0840289004015693,1.0852239556653995,1.623848058368779,0.514469529088177,0.39312912512721904,0.7443299988097576,0.31679609620773747,1.1261846860588078,0.7551341093275227
9,3.534618805064332,3.6578430825238044,6.253671489709403,7.365131100546605,2.905671021098113,3.4378558219889643,2.0142337014271536,1.747518039591819,0.3165052424552364,0.2980247572177592,0.2441987473134414,0.016644223497682423,0.2205162370198057,0.5549067416477944
10,2.1599191536808835,2.1139245991722695,10.566447859389772,11.366029930279948,1.6005151876868207,2.3769028382654547,1.7160405511137693,1.701468509989519,0.5533706724434101,0.43594510422115723,7.61945565396518e-08,1.8750839838091869e-07,1.0877703175999893,0.7479616253923531
11,1.3027039649744663,1.3264510021787905,6.664807739899707,4.373517675159833,2.341073171682907,2.212115872755676,3.0809781747061873,1.9390980260509783,0.29670843760741256,0.26004846490105943,0.0013809236795791291,0.01203417896375094,-0.4184894708735292,0.3968782629291966
12,2.7988081922502,1.3652590716723494,5.735248019424233,1.5512527150676845,3.0987157791828746,1.5362527112388698,2.094354099603726,0.2664790010101716,0.33199816190756337,0.3953302507607978,0.12053774281411374,0.5454797111663081,0.07332414102407267,0.5183228267091247
13,3.1728533551367843,2.7770565970309673,5.732157008193005,4.386692634435472,3.2786027227704313,3.7185316295219795,2.9676544013218034,1.8895854595466184,0.31827798023417253,0.30815504317857556,0.39859233017693346,0.14566307556619687,0.22997534722829108,0.5572417721919888
14,6.466872243890931,2.2692116772993325,13.01036108268781,1.84611272975626,2.220921256677113,1.0262113083598148,2.0549490560409556,0.0647532089271597,0.1523798902906009,0.449879748197362,9.200280494893667e-12,2.2910529103605812,0.2842954647922539,0.5705989982428622
15,2.5581943262285356,1.335037961555524,5.082950433881839,5.38310714609698,4.190246104774059,1.9057000593757107,2.5292548359385782,3.1190214214172367,0.414458960980148,0.44976080920218575,0.19288278260070374,0.4296533961897987,0.10310532638782646,0.5257535207909012
16,5.590207215261966,3.9733481667441493,10.77391838757781,10.044986508465756,1.606609529761843,1.5897600998249373,2.121986287809935,1.80478890448098,0.06824262271043052,0.337151376285564,0.8871553767043375,0.14817189843761255,0.14706467201670992,0.536700046064612
17,2.9480372194667557,1.1028437921893095,7.62566586106036,5.360193641469834,3.340631748719594,1.8219414617004894,1.9897497318655335,2.3440361351553847,0.2996828006915466,0.4656790057208785,0.045574364344640225,0.29158106896452585,0.22162322185275746,0.5551801339282437
18,3.6274379027669035,2.8325826298048686,8.044526041541992,7.070262599549449,3.016556257603322,2.8904791757516857,2.070592038202533,2.4280874597179003,0.36709409765068934,0.28638987292780316,0.21396483566300317,0.4120832381911965,0.2664101872341912,0.5662113998002982
19,1.9173416539958974,2.039930053190964,4.506993283966315,4.484811849064644,1.8355716667815192,0.5464922672816116,2.009796269399608,2.0036854039902647,0.44485740646438776,0.40167767944536226,0.2714230582937164,0.4262658027089051,-0.1483403219207662,0.462982774516
20,1.7131450002334214,1.9952912704626624,1.8315088696661739,5.75278122198852,0.926080149338835,1.3032901151958576,0.0662490403315335,2.081694767112318,0.4781031896869487,0.39963664569731205,1.0212788240835697,0.47582549010142466,0.2549995297294389,0.5634066705852353
21,2.1073811281256805,2.0109935456485277,4.521645668833168,18.02701849414312,1.6226015454426879,1.362329205969597,0.8226171519132657,2.3056112589897113,0.5972140243082171,0.4256214866026519,1.0489639706571483,0.05229434158037141,1.0237724841174656,0.7357067819682559
22,4.036008543763401,2.5020665141107377,5.724407161395592,6.595226541334096,2.374314584056462,2.469228166525988,1.5339766133166406,2.0913837532718946,0.18320162655150296,0.3089219250837099,0.09861932310114942,0.1690503651436645,-0.09611764632166261,0.4759890711916339
23,1.2976889049646934,1.6739367938173706,3.789086997984216,7.5048848509836095,1.9253936522178354,2.7326850904364135,1.7979138557841365,1.4852668909473803,0.46588362298507857,0.3190336782230476,0.49325725509946416,0.010700076934826733,-0.32043321004988584,0.4205701748719633
24,4.532699381930428,4.064800448446725,7.249904238372883,1.6881383463411777,2.3139417486385763,2.1931709449727874,1.7228251445160694,0.2953689773796466,0.21737670702613265,0.1373493009057443,0.01637754051008512,0.9560445523188188,0.2588376087396688,0.5643505288465714
25,2.8415591444366477,4.355091662356155,12.133391810562957,5.590169773513903,1.481210497425026,2.9618855726839506,1.6334454853856761,1.3545297465813442,0.5737788398824903,0.42993821438816565,8.338796880379053e-09,0.5268174004761336,0.9694737967457462,0.7250146018961753
26,1.417494330919277,1.1532766903306453,2.972296061618277,2.336170115725386,1.9451943023247344,1.8210175312012271,1.6881285843500788,0.4586464644157422,0.42621003198479324,0.35053085833796377,0.404423593019061,0.5538533102450898,-0.26479323112895664,0.43418579300945087
27,1.323179661865129,2.3907871902836417,2.8584324643095003,2.139213432234268,2.0184352978390594,4.2062927422437,2.062666511851775,0.5248198030039439,0.38765833681957795,0.22853868134759917,0.4353030277443968,0.6631584088881657,-0.6097860103664784,0.35210801339290304
28,3.585124654421055,3.7819419178150326,7.690981568382189,8.194658695746746,3.0047070032429435,2.6373185101857723,1.911764301073108,1.6912764934120303,0.3279046808529527,0.26116767941013097,1.3752508794819347e-12,3.3753977696008716e-12,0.2961629630419878,0.5735042543821167
29,2.820148840542108,1.9548356485421254,2.030656456669231,3.231585945648865,2.875423879343311,2.1000861273044884,0.23230391997529326,2.3190701619632805,0.3234429441751828,0.36210254890247406,0.7523010309227818,0.6775518769997023,0.3162783374425273,0.5784169876706129
30,1.6987212822724997,2.151118517640437,3.1722771156486766,7.630648280270347,1.665912281638937,2.5833070698503526,1.3402895768711875,1.879350190388404,0.46321404755777507,0.36512621905000064,0.7781310021567766,7.354320357518025e-12,-0.15090083460848533,0.46234621563334255
31,1.9182183234095003,1.497094322704851,5.687378767525195,7.888845309679165,2.077562278489527,2.093301703854638,2.238906638667912,1.9702167658909435,0.4129636882282093,0.42560274582397123,0.20385279956029462,1.2638988486874453e-09,0.039813732752967436,0.509952118603408
32,4.796602276321452,3.8518140432594126,10.688200297140774,6.903415596692986,1.8759932500068806,2.180942530219082,1.860180827450461,1.3213226830985798,0.10271598717671776,0.2231445417289518,2.890311988833448e-12,6.46067340277049e-12,0.3247552722288857,0.5804827092679304
33,2.596818874303902,2.0280102324372997,13.214502975287898,6.63822441234749,1.3825703794482098,1.4937117463390113,1.9071577154819601,1.2023192869085213,0.5292602335047689,0.4888258581511441,0.10195168675855606,0.43534921481746325,1.3076659163333904,0.7871223171142141
34,2.0762418541751666,5.334971599482326,4.594150567784749,11.369705103434347,1.1001481985396218,3.2771156954658536,1.590242966123838,1.6711516912531876,0.6885608181751255,0.3567023086039597,0.6521484560357529,0.07750631115301193,1.0490046232072159,0.7405837137128546
35,1.6149984197958402,1.526076110458681,1.669102626507543,2.142169576190854,1.6569973915464067,1.5919876478046622,0.06268299608977997,0.46782739751943925,0.35558984983655156,0.28381460466588937,0.14999736170352423,0.005917902470347133,-0.13392616501231644,0.4665684134999019
36,3.6607497839347425,1.555288391735634,7.543225616909374,6.4115167994387265,2.4108668716454247,1.4653207895459415,2.7838176297317445,1.2711487306917681,0.3056628891570777,0.352321649228005,0.3373621397896322,9.037103417994206e-12,0.3231347315007247,0.5800880196929421
37,3.4017640757171774,3.2917155752864296,6.963606561520421,7.190740341805355,3.8105260588243164,4.31087057359056,2.060097829521588,1.7495651955147853,0.43783074150467494,0.3695416392595999,0.21609685345432547,0.024060799381220205,0.4251312100903565,0.6047104490435448
38,1.9371719473317035,1.9697989581830695,3.3300958153895217,6.675085967775093,1.3377641485548075,1.2499807408110954,2.3017506218650094,1.5131038723082035,0.4588128576217688,0.3930321741895673,0.5153422891831204,0.1761029208194112,0.19491462580433086,0.5485749665646588
39,1.787838513660818,1.7502448716081203,6.211595505637117,2.3933653791604312,1.8780780156126136,1.3246363838591033,2.098165473716261,0.6113969469394465,0.2946389128307128,0.2583973109333219,0.14069263825667322,0.6917485158696448,-0.29975482878410753,0.42561741842344075
40,1.571255652368163,2.6469675709598453,8.62663627494108,13.043919895606498,0.3861577614939849,-0.24409112188460824,1.036789642218969,1.4441043831856737,0.46189581678158553,0.4371756731187383,0.24899711338952277,4.3366406465894366e-12,1.1554364560937977,0.7605025064608153
41,3.1189233403641747,2.853089162541957,4.642179757128534,6.516827998546954,2.8122886729608774,2.67344747757001,3.6585516720131634,1.9600250624893112,0.30963662266790865,0.2598195893082458,0.9463532676227875,0.12019305900544498,0.3083699118035626,0.5764873253089207
42,2.6644161587450155,3.0596539631233153,5.16704072045737,9.031607206592746,1.833652876231293,2.2214982665662393,1.475865110051877,1.6484587506522466,0.5128290730104278,0.30509950363119615,0.6219450892146999,8.831771345035667e-06,0.8126749531944444,0.6926792275015994
43,2.788731957987683,1.9631366514792807,6.230390148432826,4.341063289480072,2.002286999268466,2.0805807282310713,2.339003739837302,2.335122783567216,0.20135010737348993,0.22701176758649366,0.05599539887108525,0.6030568671590466,-0.2968963779223911,0.42631636412534485
44,4.306111914722982,3.2249944411738105,8.195451200010663,5.6377187985747295,2.476475450335453,2.8334490284296203,2.2908036691263467,3.4145843882841365,0.31371549135628457,0.3727821136936513,0.343017844863571,0.7297693273271644,0.3373985971175658,0.5835584730022777
45,4.101218547905794,2.9309239625300827,6.430483293863744,6.932015581656666,2.453670551186557,3.151222972709479,2.4749705740869703,2.6657831136790477,0.28124575401395374,0.2622376467817281,0.3132560655001198,0.469798430311024,0.15485476810242457,0.5386365142339989
46,1.5050749614228143,1.5805046269568228,2.16698980905394,2.211105132732476,0.8114448786029177,0.6840154629839077,0.26795309245486126,-0.5146477370995791,0.5049713961852936,0.3257703788598899,0.8136310006512841,0.6229872311060377,0.38545038556898786,0.5951869941616953
47,4.44241348895092,3.7489093737197714,19.166399870184605,25.53900917542562,1.4702630546528828,1.238025430426638,1.4293562767999612,2.1735935854720903,0.5244973934305881,0.4483036898371096,0.014654418767992745,0.19695042893610648,1.9992823214458977,0.8807217057380835
48,4.033967561442812,1.4707433718258045,10.695747692394729,8.930972173597025,3.165790968037471,1.0044336930774722,1.8196100678775986,1.977752281944557,0.4181268674673791,0.4740814477568048,2.5870154049898768e-11,1.5295097796882048e-11,0.3908164524782305,0.5964792281493331
49,2.0797521445194658,1.6409732753893704,2.384438059442167,9.414566956206034,1.511092537031223,0.8906166733878851,0.9521320607712536,2.9819901761834804,0.6254050403274766,0.5511177215833422,0.9110555711183514,0.5261526769691461,1.109842025778246,0.7520996589884412
50,3.693891757691964,1.4326736192433198,9.626000086372354,7.859248852647668,2.37303378310114,1.4770209649036834,2.457460808681385,1.6512320178071325,0.3249539087440672,0.3853312403141115,0.25320198400754795,0.03374384199792748,0.4492363854837217,0.6104576624246797
51,3.7660598265295526,3.0289903101322873,7.788935859194798,8.552667872003568,2.8516711749080295,3.349948091734758,2.0426766399787866,2.4744017372868234,0.37750412412660583,0.3570334238999955,0.16364387821402332,0.6143069496138553,0.30071563851322103,0.5746174512674695
52,1.6125097589925936,1.3279304485357883,2.2191086281284442,2.2601708739992445,1.467453696728678,1.4316414453648543,-0.11153315677380327,0.13424181348852224,0.3567862773415276,0.38621672172615484,0.07313894276989699,0.032570770549967175,-0.155169676389857,0.4612852297357939
53,3.0536834119195957,1.2722076067066854,5.605250186619512,2.1193898402158764,2.192060209859625,1.6343316773939984,2.4599009694249205,0.18250119989191446,0.2324291424995687,0.3724799480874722,0.41416606806587203,1.0539480929879357,-0.37050279363936756,0.40841953448696805
54,4.55826509576862,1.7141330304042441,5.219746163770791,1.686943115990833,2.3691104052544283,0.6967664245619298,1.0379587406298845,-0.1931729074117427,0.25012218520333385,0.3646181477553679,0.05817727512281129,0.5825013392114726,0.4653674600568542,0.6142867118845827
55,3.2428662852480783,3.138870627766248,7.259722137011845,7.392901033186765,2.960821545304479,2.64172239905064,2.022236462085127,1.97540539596644,0.2779620211523755,0.1883392761960914,0.004490973876396588,5.476101188818045e-12,0.2318860758948814,0.5577131419271836
56,3.4741499427719993,3.178207753420208,6.709779894125226,7.20028374645005,2.910385486318347,3.353808096582801,1.9557744065722287,2.270394816871867,0.3597668279852535,0.35421217057038884,0.0876883064132475,0.153024638134539,0.30598996177797666,0.5759061557307064
57,1.8699569835701584,3.5682130540404526,8.140972412924201,7.138125575118684,0.8737593392366079,2.7512177963041693,1.9405829029588861,2.419803989710244,0.5318008369336407,0.2864555171881097,0.03812145295828921,0.2981419512762333,0.288635479809579,0.5716620430275431
58,1.6020467563700964,1.3412543451486616,3.0662870344751894,3.0899630512130924,2.359833678207134,2.3267550549700915,0.9537519362313732,0.12365049733189072,0.3559179327152286,0.32400062119723155,5.527114436913637e-13,0.07223551993121372,-0.5631283512933541,0.36282392903772115
59,1.9197293346715378,3.3431402686238556,8.913431524437614,12.699966709257575,1.1445012784406545,2.8166390947532247,1.7174201355286367,2.301708782545605,0.5611874714990664,0.3125967592120604,9.752186070888086e-12,0.09567223170919381,0.052719512035170994,0.513176826235839
60,7.03175399132491,4.283280700084596,7.582865847284568,9.790199266376165,1.8721459795441389,2.540470124656482,1.575782320048614,2.0407613867070356,0.0027282491778568225,0.39607890982968297,1.6111911481321349e-12,0.04461965884037271,0.1855251541465525,0.5462487094660655
61,4.278113447417025,3.5630019218646343,8.354423400192637,8.694585477051678,2.70801764991459,3.1185787089641512,2.1025385489649153,1.9385066406977451,0.29433875644924196,0.3163625124314669,0.11755227701768517,0.057099465834322384,0.15947011912362583,0.5397832557607426
62,5.104328739948788,1.7453873152670012,7.766509528660759,2.051230208548619,2.1850512849327055,1.1004656021748662,1.3732815338957904,0.06338584553955436,0.18640637940889843,0.3985609381406341,0.02067240958885785,0.7971471560579089,0.6825744848461274,0.664313053314869
63,9.211299141104082,9.628174329633655,3.472278572347995,11.877551141855221,3.3240946106879656,3.861972400087094,0.7741663295979427,1.4172884850337406,0.3163385303501953,0.2646787153675999,0.7064245465949911,0.5006406651489801,1.7402866984205254,0.8507234778348247
64,4.116019712674651,1.7013337926773942,5.988875937822534,8.92418997867024,2.14225813212127,0.6541717164731382,1.3955380333977085,2.126745816030421,0.2367707692159791,0.3471672588521178,0.13739065036924777,0.34453612714495774,0.6212598173828021,0.6505050201168154
65,2.331160113144349,2.71901567168589,3.0917022406086923,2.464165446350766,1.965635244332596,2.793548762110348,1.5956657043291702,1.9984602196577985,0.4737981027403102,0.338282698817115,0.69362789699513,0.8443231100171156,0.7997504063928563,0.6899210881034262
66,4.345012164090985,4.144037754072944,6.018596287685861,1.3669326144905434,3.4753142316405796,2.8835397835370684,3.3564926454763313,-0.27807469583531774,0.42335090140229176,0.33433135179219803,0.6129513702529599,1.0575539677626857,0.5285903712827662,0.6291542784835067
67,3.0280526369239396,2.158098778173113,1.7880668312265406,27.425151955148404,1.011891649156292,-0.10318760711364201,-0.35100288389805206,3.1415094642522026,0.541719514720575,0.4629590300615969,0.8084588578040615,0.000780704240871264,1.393159713400454,0.801096194331235
68,1.9519870461645956,7.395930314413317,1.772954389341967,5.6070760527255015,2.479842206375612,6.119388434633858,0.29876209310671387,2.589253752700269,0.4844764318527881,0.13529738195953905,0.6359947345167885,0.20008983306105868,0.13178699296085777,0.5328991465028536
69,2.1628981257253406,2.1933219281190683,8.384666044518287,10.098996185807286,1.4926397702219416,0.7360223780994483,2.0856607437761108,2.3979082269488474,0.5336698563767216,0.48726746125244896,0.2926639229223904,1.063067783778666,0.858174531521333,0.702279120620413
70,3.7755372675837604,3.1886947193862003,5.194778133413769,4.875533688133855,2.988623406311567,3.3831816396152083,1.5566283019201625,1.6212640325006964,0.28062066912439426,0.27572727683013437,0.055418945614133644,4.620241795106545e-12,0.30337606766926684,0.5752676164640474
71,2.6089797258707708,6.876122403527275,19.602363380302464,10.416249575125436,2.075388226068348,5.063864007216699,3.17170748493784,1.7968377430164486,0.5358883621846743,0.3114204803761609,0.020453595642938503,0.3734449905292508,1.0051924015284843,0.7320782411028104
72,2.2208709343837714,1.9592783666246008,10.995161161770502,15.225476921529243,1.2924138436801305,1.075766081630592,2.5220126638574976,2.506457339594239,0.4814487307743952,0.42383643478810756,0.5906184624350282,1.3255448131885191e-06,0.5159469769851623,0.6261995466261626
73,3.5705567735547863,4.462730287689065,6.673738518603895,11.63580889746273,2.098917410958325,1.8999435380618428,1.8421111802798467,1.9544344526100352,0.15263573424960206,0.0050781362379043685,8.13540303044826e-09,0.00195903221820401,0.14744467760698482,0.536794534316275
74,5.117416171238248,4.230562770497309,9.358142404140215,2.3373517969927833,1.6024001710280598,1.8671552974546013,1.9149630143366092,0.28144912482138745,0.134342778451232,0.08905598445913468,0.08161606585804286,0.7054029158135712,0.42142502163627005,0.6038241946908957
75,3.0099647318655407,2.8550624317217363,6.397231744523659,7.478380409209519,3.304903868392521,3.5290495801223463,2.4041497463493546,2.166230233165546,0.37703319789673995,0.2716961168297006,0.2835340682295952,0.050411007490100565,0.23429724950710412,0.5583078211353628
76,3.416408339909797,2.243846109246849,6.353516542492206,5.460892645146954,3.6690506693099065,1.9312264007257582,1.7017592104981298,2.278365708821253,0.4391604865190418,0.4340866482693726,0.24646454390229589,0.5568298786250939,0.2657452890406763,0.56604808294818
77,1.384566645601703,2.5431718003665087,2.001427184403065,1.711454115239243,1.64334163131089,2.9707931068191136,0.736081294523053,0.6556659533844761,0.3414564253791864,0.2385923705436396,0.3730552247457802,0.6723062073728127,-0.2872478089239627,0.42867778212042973
78,2.6040489126307413,1.597113177617065,2.1994492263202114,6.176154321057018,2.2988267750254305,1.8589745669913438,2.895844063185061,2.960497445603816,0.37169362846926635,0.515155613399457,1.0386189811214663,0.43507853673598,-0.13030218386737918,0.46747046666900127
79,1.6482340261277404,1.7902456382835754,2.476739238834702,1.7228637561593336,1.4808183622991877,1.0620544703275492,0.1749563799331723,0.4986360079771222,0.4728023128997684,0.29325870040167634,0.5196431187028249,1.0947530888071988,-0.0544896846185463,0.48638094840166607
80,9.535534969786097,6.057832039682578,13.179139842909242,5.123514689572752,2.3941323450692678,2.0679922536969473,1.5615861276180494,0.5529061030503444,0.4045913830778696,0.3197580660683722,0.40421832377116074,0.6971035708878345,1.6101704501354563,0.833435049839137
81,1.5281691942329978,1.2647228231791368,1.5381496669877304,2.2359217736786667,1.7428721294556317,2.285700341213843,0.1549002968926515,0.33798972277266004,0.3688693233022247,0.37607984482986406,0.7070020600668917,0.4547074532192049,-0.6533368862090316,0.34223797210735135
82,1.258797414914351,2.9617111525338986,2.9454848032081475,2.806076169184082,2.3146337922290128,2.6104267619091437,2.623603928260953,4.3300749068841835,0.5517934277559718,0.24934465521118798,0.6811179085384065,1.1913999037757848,-0.4410840732317908,0.39148268664057145
83,2.144117809759603,2.420933166675862,1.5460219436596747,4.890998395158401,1.010951555476748,2.6699612411403666,0.2852487102532231,2.5582619787213527,0.41521174246710624,0.32695157941772585,0.5033572063095131,0.39912213506045463,-0.08990131343564971,0.47753979701119764
84,1.552517045599273,1.3870058474564357,2.028246480650563,2.130414444182475,1.2047714225043993,1.0701772496783424,0.36481941597248607,-0.18917099981382018,0.5267845689443503,0.40318430497799707,0.5819881738564915,0.7576669603620493,0.43384567861276047,0.6067916060995482
85,1.5606523097672185,5.136267670227545,8.055198421601208,9.816745314668122,0.2850293713469565,3.3832697504445775,3.432443506949413,2.8636787416529565,0.5941884688956436,0.3623978168913045,0.7370499923180831,0.4072550947017693,0.9903263102088992,0.7291523699070751
86,1.4652186227705746,4.235426497891498,3.282169711051972,1.7705406226666263,2.1776300868897653,5.317673191551199,2.7335395847765356,0.6614822393243016,0.5179581669357259,0.16099292721216338,0.49215248457059796,0.7567696434535406,-0.42818001680003037,0.3945610103888114
87,2.0436390098907915,1.6423814431147103,2.0018225074752296,5.554296955036223,1.429414217847525,1.5089879354222555,0.9088617926031234,2.224192705867828,0.1897187970671327,0.18902390401604469,0.6241669024839902,0.16414034579356773,-0.5742969132036148,0.360245926904864
88,3.7700450700352177,3.397261780755165,16.299803780807487,19.872872468739573,1.3120225662631004,1.5858524868994377,1.5606846807720745,2.1446432524762526,0.4808087682204899,0.3871697296731996,1.1908707623354528e-05,3.8823356185968934e-07,1.0989147774213162,0.7500567123520816
89,1.0337444117112888,1.1316393631578259,4.149495700408186,1.92564790886221,2.4037276956873757,2.0944746221444626,3.095897441245231,0.7596534246757348,0.4314669757195478,0.3660579422980286,0.37022540236622037,0.4784719564150057,-0.4460132842070836,0.39030906047567
90,4.215831168281813,1.7963531006295657,6.454646823027481,10.934379298519168,2.1885714862432692,0.7305582750784901,1.2273987319799702,2.0669687516239676,0.2118003647855372,0.48194557510554514,0.08107405448429705,0.17838343293631306,0.4054592244959876,0.5999985879322467
91,1.3888909378335532,1.3598341167047023,1.8635316619930098,1.6853878980790462,2.2268031924172305,1.5552926333718935,0.5897786971215963,0.37486286098205196,0.4096965814571046,0.27688209846973544,0.2931452676577747,0.1454645052007349,-0.5544494157173989,0.3648327279699534
92,4.418884290163437,2.0609902403630347,13.630884804393194,3.924055847595876,2.1677977398622104,1.6877480214135252,2.3606902485244974,1.4879910629333446,0.5189784685051669,0.7419255897780199,2.5778684339203503e-10,0.854940470941533,0.8920342055976728,0.7093097827445456
93,2.5450086998261354,2.6088967312414373,4.736543751263608,5.165775660250495,4.236714073950962,4.807558887981735,2.9911397474862964,3.1719690475552564,0.4433326435474208,0.35425354232207357,0.4828321943582623,0.36116767071290595,0.33516544200458004,0.5830156750941566
94,3.1766038727559747,1.1684606457854223,2.407124247035881,0.8957707614752826,3.2534302650307625,0.6132285343571172,1.9274476387463892,0.43208407008815947,0.5559508389173177,0.7726380848917598,0.5933260346552228,0.7840432864558459,-0.1361820060726813,0.46600701709942544
95,1.5590590063020884,4.401267562019787,2.1894995187344435,2.927617149939152,1.065116800853614,3.8012606359620587,0.13288877179065595,1.424025652709166,0.5583567428118056,0.4419362369052131,0.5703011546328327,0.5663534032754001,0.6343747034454734,0.653480750051776
96,4.268149942339986,2.390607384307312,7.942751229478631,5.698893126901596,2.2109304973620523,1.7777298724682935,1.871780020656658,1.9096685854823074,0.08888155784963367,0.28389683259933,2.049468792439472e-06,0.5635943037643314,0.017027868762985433,0.5042568643353568
97,1.4173618827652181,3.522253900645285,9.759453794269124,6.486184264378655,0.8402902430786676,2.7738166106007496,1.7787256017439945,0.9366135338141953,0.5522067193533446,0.2750661889157506,0.03125681696834854,0.00439836886837273,0.6321093224944496,0.6529675906972419
98,1.9891950609839288,1.996604356221929,8.575331873159394,2.405888058276475,0.8979473049197073,0.567772625966089,1.3151937432800882,0.034409045235179125,0.507277044048876,0.36713973749674145,8.81620909309184e-12,0.6479854718253764,0.42107075724008175,0.6037394442556047
99,1.6855075843775045,1.5257638195774545,1.3453641378402603,1.4897270977705117,1.0403807763231046,1.1297437392009577,0.00986193021750344,-0.3761085644186084,0.5517669030588573,0.471226564663038,0.7385199075327609,0.6494506613885603,-0.11343444380590227,0.4716717583739501
100,2.092093717539813,2.4242282583754338,8.828586986031896,13.097095975253774,1.3909176163412218,0.46952556448040034,1.8923787867045812,1.5680398354399354,0.5321864947520929,0.4719679502105858,0.5275728981942895,0.5378572230239728,1.3161572740229113,0.7885416666045129
101,1.3661415927084566,2.060121047911638,6.169173191482905,5.354633546367947,1.7735340496962888,4.498397132371792,2.2934252681461382,2.294023864011289,0.4737266753819156,0.3286901662792825,0.00020368310576959547,0.06051905278903466,0.14458317098728404,0.5360829572422079
102,1.3770483243208775,1.49654343814375,1.7230253527925463,1.7706736698584065,0.7172033117446401,1.2180747750522987,-0.11989381085065398,0.43756128372034864,0.5856374289748699,0.3948098216445423,0.6135645146133932,0.7458351249243808,0.11564806654035274,0.5288798360865148
103,1.45588251917346,2.6446416407259985,3.7550175258334058,1.4903333921016257,2.7783698642681633,3.7799586041097895,1.764800613324031,0.9995855215406928,0.3483345329512943,0.07871871584363845,1.5948448313271034e-13,0.8136452755529149,-0.9594489067223206,0.2769885464972034
104,1.235683722202287,1.427191535654486,6.862935716590759,5.776827621627184,1.0148110519090279,1.5428743153787918,2.2611421919234274,2.372157742424785,0.5157246093941844,0.3756685877579987,0.1166031199662905,0.19986931790160395,0.10407213833884349,0.5259945765258133
105,2.1361981639875594,1.6906982015000234,3.290433334970408,2.024096998981414,1.3904405751268847,1.6170356354192053,1.4087441232042421,0.41188256256262634,0.16611852811249103,0.2916171231409918,4.266088866770348e-12,0.6073785851120401,-0.8839625604526145,0.2923573125082111
106,3.3934814008354635,3.8261428836341134,13.576522351731828,5.530970111125665,1.208114311527056,2.8319296391479636,1.8234342340223837,1.1657154039425668,0.4841844452923685,0.36727759566940776,4.990730101630718e-07,0.8796938156621145,0.9130609744492136,0.7136261241944412
107,1.8053838671565063,1.7039043643560077,4.039932613866261,1.6815045657699,3.0746228811239558,1.930297324073873,1.8190560583807764,0.5881802428878695,0.38748973432101064,0.3099468629868831,0.17875967873074516,0.7079578692961949,-0.6514514810390081,0.3426625239745659
108,3.0464574025923827,3.156175019482596,5.229056791622026,5.697016066024848,3.4024407417659797,3.4462344613825557,1.5411541307805874,2.0869317235605274,0.3497683415104987,0.2876891602960709,0.07670177922106548,0.1780976897689574,0.30219736740725256,0.5749795934684083
109,2.0680154596039757,1.766995236704057,2.889956959502033,1.918775696594594,2.1578800249021755,1.9911077035103353,0.41019791188423377,0.22395616952164712,0.4217830056661948,0.30345945602052704,4.3949592372117377e-07,0.48321278934276446,-0.6103298188020886,0.3519839654632954
110,3.3503716794928033,1.4386488430574362,4.489161481862946,4.744531520017166,3.3260555740619435,2.0579495624474204,2.0395383201468014,2.04144331938627,0.22300098394195686,0.3672242509978511,0.13692135876385286,0.20552243436920667,-0.48210405081985214,0.38175540751268533
111,5.109700101001266,2.32958918923612,8.239840039028365,9.926980352426243,3.13606633354361,2.206812154286572,1.942835206977687,2.3637966770693217,0.4552888186070554,0.43677424307611173,0.26687104778853193,0.25546678751183766,0.6138810693955576,0.6488256173345575
112,1.155174608887484,3.6060378346033386,8.135560837015642,8.647037845672505,0.2709378013205176,3.7049171564364007,2.803946588430524,2.0909729790215974,0.6613128771641433,0.4215112451957539,0.643539683399275,0.04749005221089974,0.3769463711399676,0.5931363941757968
113,2.916126019361097,4.504628957271381,5.338766789218842,12.895945116712028,1.8522110585803722,2.1364003592811667,1.0403755764571967,2.079339177872392,0.46785652159366264,0.2859422756090295,0.49055578742203665,0.7823942531551504,0.9679148656616059,0.7247036912561449
114,2.1513290798082765,1.640095202800285,6.265526626126859,1.570970988725777,1.8246092547168393,1.0252195308245802,2.1666270224537456,0.47931305394562673,0.6323209380721273,0.5474785370865269,0.09928099901844159,0.7645483726485469,-0.09962186809202546,0.47511511044850196
115,1.1849553204539742,2.5885675144152183,3.876571437731502,5.462066515013239,2.0941923389668355,3.174396040771405,3.80590272209919,2.1114184338365702,0.45848939163784685,0.3029376557178667,0.6789037214467136,0.02063390325905989,0.0135120092446996,0.5033779509173861
116,3.0171175349115864,2.696819673702971,5.494382961856129,4.358616259521373,2.330497648487881,3.274989539820694,1.7058044880552445,2.039265166613012,0.3465371781641174,0.41532787470411986,0.09913682964181614,0.44635584497799996,-0.2470825827269104,0.4385417047080284
117,1.2743184450810376,1.5296918966973685,2.1495804692957217,1.2897946076927431,1.8490473376705978,1.622027062452332,0.3044397621969981,0.03699109283414718,0.4658646401156181,0.35032214511249726,0.5462592037437622,1.0808918255020636,-0.10666371035772634,0.47335932552852517
118,3.195838416826593,1.1955647580393256,7.588589847220475,8.115783519316832,2.7661098628395644,1.9082331120559888,2.1404888554389996,2.036487707912462,0.2971924788594803,0.4000774559759431,0.13399565986992015,0.005726276634668684,0.3670319036306616,0.5907415874933156
119,3.0737032292216178,2.58943912376516,5.240780591106518,5.941053237838326,3.4449836100771476,3.328052224375095,2.5719850940673634,2.6427328478710703,0.38019388632730705,0.37727952713531737,0.38413412893757876,0.4167517700153324,0.38287594196174884,0.5945665574730499
120,4.0203168236050315,3.667513166123083,7.034567928109071,1.8821860525025746,2.0912577832220887,3.1089696715983766,2.018103659526146,-0.25633755566414734,0.28784820727884197,0.3417558564806165,0.06133250901299565,0.8255104510960646,0.34059793909341707,0.5843357621742797
121,3.4361713223179975,2.9714470693479855,5.570982294391797,7.054605948072812,3.0872783056619637,3.0985916980262163,2.4794106331976664,2.1269548969959873,0.4444925774453161,0.2808607415694993,0.40168633240356993,0.3986228876220585,0.25973083741155517,0.5645701245261397
122,2.097597350275332,0.9836560927076506,5.123499389719416,4.050189964962605,1.1507238268674846,2.230639437096869,2.4775621334598754,1.6891387486907197,0.33953654220080803,0.41937715111597046,0.31707759846284256,0.28200749638600736,0.17233480791178044,0.5429773881123956
123,1.6357242277308848,1.5945414159019184,6.873804219101867,1.4577819606731448,2.1462681243997332,3.0218365436597017,2.617568420304829,0.7245083731673629,0.5081747328702176,0.44840045643658066,5.0452425048717005e-05,0.7418292988878245,-0.3826419826426699,0.4054898413449664
124,3.857969010194665,2.9887755877482913,4.081571700448126,6.6562366882444834,3.5867021882622026,2.3903640292114825,2.0744049946744245,1.5702419403041266,0.4274773332152264,0.40198262642443977,0.5860187107179593,4.406545281079284e-12,0.4434651011078683,0.6090843845374835
125,4.300105482458701,3.9238885078220846,8.411496063949672,7.338710856438556,2.7042862160384433,2.445887874666788,1.8588695485921065,1.4266568202171708,0.3014199532393902,0.08663084450531604,1.0812743062859729e-11,1.5131557578670345e-12,0.1966022997107641,0.5489928685702268
126,1.4660018099775027,1.8502799615635626,7.344357102448441,3.584418108576601,1.4088182565766738,1.7264909153168095,2.885089846052167,1.2470653935483615,0.49623416833904943,0.28311385525447624,7.481504714916242e-07,0.3162602759822257,-0.06620373106912737,0.48345510972152245
127,3.7933795904326866,3.7628952995137466,7.1856614368186085,6.433850565403022,2.864595479331391,1.9276169295825383,1.8389385663472324,2.478833586613101,0.32101725495571426,0.0701306117495893,7.743714919166736e-12,0.34219544880156155,0.24215587540242944,0.5602448622784028
128,1.1781031278867233,2.121456517595105,4.164564495098177,1.6524146711341983,1.1780130586127093,3.0216049091274666,2.114351223317239,0.5880032199519831,0.6073433068165062,0.37359893687913287,0.6413418233801227,1.014505369215737,-0.3971056855626821,0.40200792823015485
129,1.7947509691603076,1.939170572819188,1.8999264899075914,2.2096435336050626,0.8985932625078054,3.10844370560379,0.517608634803561,0.5582828990565245,0.30238679023851706,0.2952736517428468,0.4714951669383727,0.2918469219462186,-0.5218863239938872,0.37241125394411384
130,2.721084691260862,2.2148860618401733,6.170715328224962,6.951732283288597,2.5055187991872456,4.393672404708312,2.701705744921524,2.325159511107733,0.359326018515756,0.3685381043618297,0.17894082913756917,0.12346508780978623,0.3211188135542703,0.5795968913605068
131,3.4813201549771287,2.7490887116928047,5.373678304482187,7.0675975096787615,4.431784251294497,3.607945786628061,2.9926608360010025,2.1519972482195397,0.3826074126918135,0.2715294486486964,0.31457696185478934,1.2899851455367137e-09,0.03916118077992922,0.5097890441886764
132,3.255890168955327,1.691585413318524,6.8119716635596,8.903574616699942,2.727990149152948,1.2341416667789282,2.1055144307276206,1.79201077302471,0.35056637793739165,0.3270403830827532,0.37768459845980956,0.4293957589614612,0.5194550451721472,0.6270203288211821
133,4.380230972715369,3.293052071720901,5.743412261789839,6.925870592927537,2.08494748781703,2.9393565792284955,3.0062769327960384,2.148608253825617,0.10917296161188825,0.24350125667798228,0.6227867139869135,0.20843495963923336,0.19021832066867203,0.5474117081134294
134,4.072628740954296,2.2536744281553833,8.520123632274732,7.138313128089318,1.927347836490741,1.8029455331874347,2.587335486934053,3.33737621164627,0.3621643368339348,0.3649345902777769,0.4645484844831764,1.3946277463331165,0.6573188416604278,0.6586578464957729
135,1.3930380405370766,1.270883650658338,5.386661689375002,6.987664621220393,1.5751267143687349,1.6260925303542513,2.998043629163525,2.050180711579268,0.4396137666108754,0.40172774814663376,0.5804721903733094,0.25780228371322433,-0.14197409619712031,0.4645659752170648
136,3.680627863033066,1.104658129530267,5.776853712566058,3.9707508664404383,2.4524993397398385,1.8098691440366963,2.1195192430425354,3.422997382326371,0.33996305185374925,0.5272996478009503,0.38399936306548044,0.8376817947679375,0.3979634678745566,0.5981982631951314
137,2.8251314573437365,2.350445397060692,4.446272553817593,11.301517380604322,1.8742546288223028,1.579787629636654,1.1134479892639428,2.3957076370504917,0.5561802788017497,0.4706871675010136,0.6202250769066722,0.403287202525708,1.1028161504754834,0.7507873954039156
138,1.686318725621481,1.4741886638051336,7.101918516384979,7.782997699066335,0.7049884643545274,1.397072066540192,1.7397476191969437,1.5477928663443714,0.6053886565802011,0.6119917076350847,0.04192832259101015,7.732700881985512e-13,0.3913923526223021,0.596617834862598
139,0.9890097368075563,1.1732860426402771,7.073890372365965,6.63521463010164,0.6916275746476649,0.9261553763124268,2.554919511319842,2.5707361308041707,0.5399056502225268,0.479296189801864,0.34612953116866674,0.30406836527074366,0.6186419425053898,0.649909616622814
140,3.748287214485155,2.006454391563759,5.2330624855834635,6.4957907401634465,2.1317758006729406,1.192674317814458,2.1656915292334027,1.4938180966146226,0.17129807272688788,0.3063626146637094,0.17633984969364325,7.908485830212216e-12,0.19460924066941176,0.548499339724249
141,6.234357570495487,2.1666809542859133,1.6729321923092282,2.207869894979376,2.684053282162921,-0.44415606330505586,-0.574935145021942,0.6425815018601682,0.31005752279280796,0.4013230573091895,0.20573963097977305,0.44859705354099966,1.3503610202963925,0.7941886443319066
142,1.4319197473651466,0.9976437955053471,2.173893942564189,2.023325945525248,1.2128985599351259,1.5731637403093992,0.6220128287613844,-0.4718102733732216,0.35272805951282615,0.4408570824098459,0.1616925331197571,0.4614349634874994,0.05818929857928986,0.514543221270818
143,3.9799191140302828,4.53248408186387,5.867801343825828,7.56751636912881,2.6990443414826824,2.3128558796688248,2.380018483185825,2.7729386914321092,0.4679645684071727,0.17353035448850565,0.5425379018473223,0.6909601721623,0.1708682774243151,0.5426134413808239
144,2.2585337838435198,2.1462021769277078,2.35155701265271,12.33134327477699,0.9964954027989901,1.291741851622633,-0.01787668338709357,1.6916417357668672,0.7019762009635024,0.6958914974806746,0.8780990700177831,0.43381144772635116,0.9960894746925012,0.7302890283347971
145,2.396437411522427,2.4521603356278794,21.631871741206034,2.411088025889814,0.3120485624716749,0.12420870153923463,2.553816166364247,-0.3100261599056255,0.644287951316572,0.6222425534487686,0.1324285990750645,1.2980521095200426,1.2686513895826124,0.7805118006433971
146,3.8467517639730597,2.789696093798633,6.201692374161319,7.4829647585311525,2.4802726941733084,3.4813527779621225,2.149474449612337,2.243768010449375,0.2546696783690992,0.3189682942411957,0.22081496262835182,0.149419238662939,0.25267237806586684,0.5628341545432254
147,3.2651126010078313,1.615867927899133,6.785895679020237,5.152639361544356,2.498093060982989,1.1852381827777527,1.7829426795327052,2.3909223767824908,0.27996463099362484,0.2500381409884048,1.450887257988939e-11,0.38664872718835325,-0.17490784383257046,0.45638417640049284
148,1.2914713951863481,1.0540677764188897,1.9025806837478587,2.0712479292525385,1.7581498741820833,2.5162623343195065,0.5802568265334482,0.6981226248484229,0.43803463767382644,0.4101361234284967,0.9103666237807909,0.6953669204494384,-0.5001365834352067,0.37750857172074953
149,3.254183514151829,1.2424942010589581,2.128575498892493,9.513591016392333,1.8657889342452478,0.3864969996735,0.2900380344470551,2.1780762551715065,0.18566387606261103,0.42864659136794236,0.7316575544580531,0.09480094372883918,0.07698868628766914,0.5192376702911866
150,3.472968517813982,3.8073840950350224,6.3403625778655135,7.317964553478687,3.1575795248629097,2.7389604747990797,1.4455774664772403,1.5486002006325696,0.34365779500392113,0.2532988386499842,1.2639923462063363e-12,8.16218260159223e-12,0.3769728358763439,0.593142780778759
151,2.2017680343298354,5.128848301620301,2.4285258412928368,1.5274757574983768,2.5934065198365506,5.1528344242257615,2.275228582093427,1.1121506071750134,0.27103490534130914,0.0014441422518928937,0.36377538399531306,0.4987343616478968,-0.4232449619433697,0.3957405205811306
152,2.4282954464810858,5.087203528856879,20.76159456980171,19.827079534609883,1.5808059824637413,2.0691843557955223,1.4840928284414343,2.00747429358345,0.5570074277799232,0.4370697557287427,0.03250346817244519,0.14681148137512934,1.7337635860741385,0.8498931913615766
153,2.2849863012218834,1.9715019259540951,8.037744684417277,2.0528412037559343,1.579553476514253,1.7938015545956887,1.8243638756140208,0.9089851089802943,0.5444144729963104,0.4676793860171916,0.21617659145077503,0.7509688086409312,0.8614575563655456,0.7029650896610249
154,1.393479845482584,1.221892217613776,4.583423858657749,1.6795714557520562,2.2702340580634828,1.8831414429466102,2.1540894800141976,0.5843239251529695,0.38629848160770147,0.34274948072994404,0.12153645715865359,0.5999826350400945,-0.27838789264156527,0.4308490498882778
155,5.373982773048417,3.8884500821706496,7.003600244705767,8.482411869750022,1.636100756025939,3.0405848886062454,1.5205749112902014,2.505184810358241,0.007931657633787623,0.30258459765585166,2.1660494271133727e-12,0.4713874431786983,0.27733137711874195,0.5688918544287067
156,5.944675744635451,6.134567462095985,10.976845592201254,9.375379648447796,1.8214894962910715,1.876769953700389,2.029415589831396,2.036748631859805,6.141948449907313e-12,1.2676486763839621e-11,0.006959617829808141,2.0478052565581387e-11,0.0764745423249813,0.5191093233123599
157,4.536149280488253,4.032528839496573,7.890986619288041,7.49696069800825,2.5868754253162627,2.7494276555036903,2.2136201000977973,2.4179576919536507,0.4372754941448422,0.4181349307321814,0.38054131813817055,0.47756915684190376,0.3062745316693171,0.5759756570828011
158,1.6393474322799022,1.2226202695261377,2.8872585610470534,1.4662673489470122,1.7777794029442773,2.640727755606902,1.5917816287221722,0.6468378950710431,0.4268058977840526,0.45320641028535813,0.5515663046725704,1.0815718677766242,-0.27705495969779403,0.4311759393157929
159,3.8012272301340833,2.873692241699694,6.688573990192209,4.215107458616386,3.09089994449643,3.8708557605153273,1.8889814920268913,1.043248498958385,0.337935389784122,0.3200532534324014,0.0868349049770807,0.08931333445824731,0.4633765430023829,0.6138148796868713
160,2.4382934351277363,1.517473200731578,5.979538724538416,1.8359088823835512,3.8034167376278893,1.789946563172868,2.592735635370702,0.3482503520159026,0.4430438542440372,0.3230506200461304,0.24387631437805463,0.6528571847528053,-0.17489348305174807,0.4563877392788413
161,1.513675384290566,1.4036422277362097,1.7328690668310534,1.2889484439023415,1.919913673360963,1.236954714902569,0.7391062325387916,0.7132193815426185,0.4801458064837946,0.4006182629598023,0.8810830432815164,1.055545809953256,-0.32767595834199825,0.41880620550676473
162,1.6263539026411176,2.7141304802834463,5.371244694599286,5.258612418610683,3.6690450197891322,5.048113248989608,3.1979306076940164,4.208910782304762,0.5831152400070947,0.4099167254822241,5.455345486873892e-08,0.043219395432029885,-1.255749602323613,0.22170644219131605
163,3.045256787061173,2.745567112151013,7.116043304224522,5.9300410478868875,3.3961613883501323,2.68736733582863,2.1724091689363227,2.4453774507101413,0.3684838470677366,0.2817021587293859,0.10493104174487375,0.22657891876756922,0.3457396898021815,0.5855840849779382
164,1.1103027382374406,1.6600369817950473,3.6292108667884286,1.6893909206080129,2.2410015951800246,2.6682619396780485,1.6567536168135482,0.5369010251872894,0.4533564725288182,0.3091939667411207,0.09544637934288004,0.5745848970268722,-0.30779535747396364,0.4236529581130566
165,1.3830179657327966,1.4791824321406937,5.025425494331033,5.37764352752269,1.7129185101198325,1.8643742888249932,1.5241502648795173,1.3854199420737332,0.3946610096658684,0.28454889264743616,1.6996039157844919e-13,5.4756561485090844e-12,-0.2809254225570691,0.43022691100889005
166,4.417884606526913,1.1879903460953107,2.308227745026157,7.551848434986266,2.5716782938685427,1.72699795240049,0.1319715508469314,2.070962556690076,0.3652882734757215,0.5514259183318629,0.5780820070965078,0.37020115454841807,0.37271878710299594,0.5921157695278227
167,4.772274233518743,4.274748930961563,9.163319289089106,8.509542880457913,2.542299097051864,2.5254601947612736,2.4627806003585553,2.333059033652728,0.245425669110974,0.2723099373318533,0.6703192751649425,0.32474749904735767,0.17127729502654604,0.542714951273418
168,1.3666252502781404,2.1609349340513933,6.056494077517307,4.128208685245823,1.907537294368949,5.495051015500144,2.0477758801177703,1.2850549581119028,0.48268008076908414,0.3941601398092157,5.220914552429994e-12,3.786596880950419e-13,-0.13084357424461657,0.46733569433483024
169,2.287622260352254,1.302716805346094,5.833539716751073,6.571088063221237,2.161602907104131,2.205254317524973,3.1361182773300076,2.6933563467862096,0.25317345295702537,0.33591932155374865,0.39688970984705624,0.38406863253715734,-0.15233601592741292,0.46198947445394484
170,2.338285355887764,5.3629798380655185,2.5459513578242317,2.608641767144372,1.850809990750049,4.042407992505792,1.3720681976371942,0.4932349119282281,0.4212633371239952,0.024311371060850243,1.0122119584496319,0.9142440565965003,-0.04011477800922455,0.48997265012541813
171,1.481489776989189,2.9235126351683816,1.7490770546842518,2.114857413262051,0.9163469394418463,2.473025439476823,0.25722264763216696,0.0897858040487842,0.4945380598713548,0.26242411194368787,0.6530349346754328,0.4577983768471103,0.5273166995386048,0.6288570575936119
172,3.785682629693102,3.3201940163841117,8.693597153987293,8.736125477248894,2.3144599259149046,2.393632676875703,2.2739551849769577,2.2960604310948423,0.23248748412471348,0.30395566090578685,0.33861207344416344,0.2654366254412572,0.2759144023735493,0.5685443019594544
173,3.199387487480427,2.607688578434835,6.325748753279143,6.968560107624543,3.4390139822680728,3.431739148183359,2.0504588256868033,2.3123880090953035,0.3989434544113963,0.3458296895980235,0.21448586054513968,0.25813151178504234,0.3647412823828583,0.590187678348122
174,2.823775618300155,1.2108155751983256,4.026573009481258,5.3178979331103555,5.202110308972172,1.6712688449651272,1.0846625781091175,1.6254744665598657,0.3434873436798767,0.3201291422855911,0.05266978279957813,0.036462751498484644,0.5061078352278617,0.6238936179038896
175,4.2897416374184525,3.4253212456670057,5.295560027419931,7.043972890280899,2.5225330365093037,3.267789430240755,1.733416444718523,3.0412226897172467,0.2883736598920245,0.3063605748775328,7.803078696574217e-12,0.6983227182146519,0.3137427000549592,0.5777985478884997
176,3.7435813388482613,3.1377168346435647,7.63717425084785,5.857732827033465,2.8310681898136356,2.418504860037093,1.8285858595022946,1.7856813862015442,0.266742036528106,0.24512900475593616,8.094092385915507e-12,1.4177316815162736e-11,0.2946139955771763,0.573125338328153
177,4.918941662577373,4.312687352457359,7.004230218404987,5.4670776620588395,2.4577057718639357,2.673174250125087,2.7011836503547952,3.2590645003998846,0.3676321226319239,0.3744176061297207,0.46437624959617024,0.7479869142105834,0.30544102431452497,0.5757720786189198
178,2.878527044762115,1.4443575999746654,3.8971543474545984,7.433703107924287,2.8856258290335206,1.5999840105506398,3.3664140278812926,2.0091231356790726,0.3904767510507601,0.48171974077138635,0.7276082436915244,0.004336519540509383,0.25381405949722025,0.5631150472124465
179,2.5958652889366487,2.072351882806084,4.154316125814263,7.871806484284539,1.1132511260645945,2.0931275630951762,1.4764761021466466,1.5457250381975325,0.42239963178609946,0.4022566373384905,0.631447982180181,0.4492500566332047,1.0796257094219395,0.746423145785939
180,1.7965269688181498,1.242652798169554,1.6180602029532705,1.9582036570073844,0.33117927568876926,1.7921520873792074,0.19170328124938116,0.3076034772508969,0.514926200234646,0.317768592970093,0.6058950802874443,0.5061662629793511,0.34317619894471574,0.5849618527266851
181,1.0720336001688646,1.1445523979536085,1.8483746386602395,1.0764328679165114,2.895898344455277,3.838548154816783,0.964965971416047,1.9214699058457578,0.4849669803434188,0.42419612745073865,0.4352155395382171,0.5456667149570104,-1.1338936133250164,0.24344326432936803
182,1.2703291311056348,1.208791739915071,1.268612351959109,1.9398440162278847,2.2607632818581296,1.6828541401599562,0.5366402992490886,0.026286454310083668,0.44883236192698567,0.4434384682887572,0.5836656346454533,0.7810849425481003,-0.36409547295970734,0.40996853020458046
183,2.209834196808521,1.7375228073242555,3.918253746602417,2.143601229140922,2.1441124007531243,1.051201506767878,0.9688226137687517,0.003250150670988261,0.45576652140707574,0.43929876421417835,0.4722188210002579,0.4091526795755815,0.37732491803766083,0.5932277440158178
184,3.1730360542344176,2.4115010854217194,2.4862165549092134,8.99619613799419,3.008412126428979,2.323558099243166,1.1834517463703986,1.3622335569474007,0.4711637075757034,0.4425202522307847,0.5826443290672568,7.614958329671637e-12,0.8689146853162526,0.7045198164161023
185,2.8454015419548946,3.1042179889470476,15.160076440336473,15.93320665329003,0.8586238489888071,0.7348211576659776,1.2884478503469143,1.1679277003119335,0.6530750159416081,0.5151828566957503,0.013885863805691701,8.181461089933086e-08,1.5494525452432595,0.8248346482963298
186,2.7337514463881063,1.5016796194324185,3.574909316539858,7.553500181425039,2.3116821924161783,1.482875138986353,1.322734856619884,1.6448383473837158,0.4158360071787785,0.4584320044456832,0.4959277517408696,4.511005213367023e-12,0.3604309059924734,0.5891447402447294
187,1.2481214300598333,1.550946873225723,5.91192062933875,1.121845282268404,2.2315362739107534,3.087465557485105,3.3275858297179326,1.602119631168258,0.41398936710830825,0.3345956520798165,6.946008444989231e-05,1.2711902232154229,-0.5547391111409475,0.36476559953395077
188,3.0748076198542607,2.83920095708389,6.0361835924945835,6.9049498122458415,3.091338268754978,3.3748248385118558,2.355714618899486,2.1725811824517267,0.2764808828362656,0.24628472001424218,0.41097357808940355,0.22579307938374743,0.22228439402900935,0.5553434078413071
189,1.1776230749254282,2.520331892850291,5.668143834602569,6.2717598595504604,1.7870016973112286,3.93943419826678,2.553464635661888,2.3284849541009507,0.465279322464474,0.27613861170792103,0.36387306659677215,0.2067224069549846,0.17824264864675915,0.5444430597818842
190,1.081826074025105,1.3186812596045636,3.2560567454553087,4.910944577213578,2.8691330338332475,2.1915847091828926,1.290798414134078,1.7200684862137432,0.44586649817396845,0.3036167243366642,0.3071811008739897,5.174313441648148e-13,-0.17957680095183565,0.4552260570086245
191,4.327462262405644,3.957271728937368,8.26551212053609,7.420776657325684,2.3753762403053007,2.115628626926637,2.2189642561731344,2.282129723339135,0.2558533757614432,0.27029444709225897,0.35245848444959216,0.4388288118719954,0.285635380851244,0.5709272677207956
192,2.766138695580174,1.811253157795165,3.8613668538204045,11.643495904042483,1.8885226712098429,1.0544189537489121,1.2380151254518315,1.4217519875769205,0.37641949195367486,0.3431937598129408,0.8384891028666805,1.0968403738341515e-05,0.4871791888279571,0.6194416965469447
193,1.5172662277278262,1.6909581912807023,5.141329971404916,2.650416983275497,1.0609957551952998,1.9673776525835098,1.1609069839713542,1.481734882257287,0.4922615226560864,0.36699193626312737,0.1901392967943164,0.6873935386792825,0.6034239901472845,0.6464392699618543
194,1.5228613689998145,1.392906497147356,1.7569709656107846,3.3127462785767308,1.6720994819185402,2.58466390889539,0.6277298537319626,2.25271458611706,0.3679601849946941,0.35531776398521414,0.7358266105918557,0.3328860373608101,-0.6033165075447953,0.35358529616906037
195,2.5812983517455597,5.639888821598721,10.842055660579753,7.146289240091745,1.2126016450038408,2.0974507449950437,2.037802367866026,1.2086610705146585,0.4042670162281594,0.10913609956564725,0.12619946124329184,0.4497772988282128,0.7340254252471677,0.6756880021061591
196,2.680095326469223,2.0669237588778935,6.2459025527778795,4.248499825566556,3.691188350953564,2.5379119941447605,3.8241063062620375,1.5292671121745518,0.36658041191069435,0.320704266631599,0.4248875507355797,0.23778159046432715,-0.3706101662866515,0.40839359211269344
197,1.62504547517261,2.55424341991314,8.835614885783833,4.374739133297676,1.3206542115625846,2.483738856201079,1.7526913280314025,1.2512757579769538,0.5126671319135777,0.44367810580195205,1.0667059637176421e-08,0.7890245437216997,0.5861616925435225,0.6424839759242386
198,2.267830305845509,0.9981105971393511,2.8600673761128803,6.039624762805135,4.5313923471142905,2.211089027357782,3.490414069110948,2.6636401330489896,0.4765719175372614,0.4784734598840628,0.5906359380691741,0.30308276278389673,0.12067111586928995,0.5301312248062546
199,3.0658049166682213,3.5103482470249903,4.87400686899275,1.6690026738901906,1.7753682465111786,2.705980582158826,3.032492565055216,0.47360963341468193,0.2809786840145652,0.21047378341058104,0.6827074386729429,1.1231469020132305,-0.048387263777528354,0.48790554372025835
200,3.365718185466744,2.8374311654550866,6.011713244338797,7.884207834521344,3.3246165297690493,3.4585237183694084,2.8881979904205224,2.642517012203844,0.43027072435162844,0.31597192725774115,0.5607249329169623,0.3816593090306614,0.27095809994536524,0.5673281019683738
201,1.9298396043287318,2.5703534232715994,3.876584900892271,3.2979824435784435,0.9469763779677245,2.1512720468237623,1.771357285667368,1.362771480378083,0.542665607028973,0.4335182946245528,1.0419479831741525,0.9180372238540008,0.9404430649143857,0.7191891457758809
202,1.2799021761245704,1.6583191895459939,6.153605382778357,7.740363516979863,1.6772579594497725,1.4416211524635791,2.373625904469178,2.2270938972857586,0.6380688416985227,0.4015095557306143,0.42559428350945916,0.12655135755565122,-0.14211258054223289,0.46453152817668003
203,1.4746115541459133,1.2047095501063723,2.215191694570384,1.351820656705682,1.3960847454577066,1.6250804614678216,0.039095930133818436,-0.20222207074647242,0.47341856752941713,0.5180802177850139,0.19742425326296634,0.7765112730124109,0.04311540315085115,0.5107771813301202
204,1.963175539768232,1.507651883915747,7.695406794524092,2.120011700398118,1.3986922649613576,1.503267141962274,1.857892469772661,0.33732446510145675,0.3741561918558045,0.3967112878551234,1.1446540262929635e-12,0.6987048235885623,0.05421447663432565,0.5135503003902108
205,3.4145582884909014,1.4078880459426495,2.2495718156888276,1.6745441568582193,2.31974014016193,1.5072419625129727,0.19578080330115238,0.18582333232060166,0.1819737220999387,0.3168670612440089,0.4026053822589704,0.5596154100164004,0.06447894907290193,0.516114154725022
206,2.3756220844478135,1.9691597986528446,2.49435565987734,2.6548502179186864,1.366281808067805,1.1376306412197454,-0.08386000413416252,0.3023796058484058,0.4160508569048944,0.22557143515390066,0.5229816043297242,0.8748079148627406,0.09515608865645139,0.5237710882348761
207,1.3933990578108657,1.7247542406625354,3.7584826897913253,2.698723531785683,1.995458932626079,2.203236098588226,1.79791032719814,2.37677705213206,0.35906773081725935,0.18884212010670037,3.9399711853070534e-13,0.23641308879772316,-0.7205235366162891,0.32727770701970554
208,3.7230335229903413,4.1643465679214815,3.3121861532829437,8.987019427076387,3.340215062410963,8.082773834164568,1.4069515525507184,2.400447005574178,0.583293255196363,0.5799770154753933,0.5690524412337631,0.34088110484870954,0.9189145763090903,0.7148208915301064
209,6.394524004627539,2.617502405341598,11.75965607463451,7.92319646541892,3.1514629860692778,2.5026245457350402,2.184611999332184,3.645306110704521,0.1504701899440267,0.4927131881193625,2.5942675002404457e-09,1.650558343946136,0.16233673213729852,0.540495290314128
210,3.6491237214774115,2.855394594712492,5.515721934690892,1.7790789193565613,3.2014219164876874,2.9046220921728767,2.7865274966949314,0.08815934506139325,0.2897109820771495,0.2536892612090316,0.32840853733821135,0.6731842017426065,0.2990474530495361,0.5742096422968205
211,1.5202504749526164,1.4285834039313505,4.053040543974031,1.6036578251321048,1.4955631084152599,1.6566059688393757,2.971759471509708,0.5098711467154282,0.4540862129801309,0.4387742259117936,0.5667953011038841,0.7067706639635257,0.2555406549469331,0.5635397717765296
212,3.1432149406469683,1.4043001500428955,6.0041286720926195,7.3296832469806,3.301115819728289,1.6790180151429066,1.658380917030932,2.434151074102385,0.308467295427069,0.3764779905196525,0.10112912110530356,0.22403472947926972,0.4205053805110686,0.603604176655413
213,4.059274643564752,1.7936092083265354,1.0489592455171366,6.7484538018146365,1.8331075333331888,1.081861203507793,0.8413759686542427,2.753885887995247,0.05980186487471224,0.2822632376079487,0.9135905787282066,0.456366436486114,0.009524617229091679,0.5023811363062404
214,3.3179279961760018,3.007911766169602,7.848659843815431,5.441412163826973,3.7560665581022894,2.2615058300786828,3.024672063953265,1.2031880580695382,0.441114582752916,0.24936513138623784,0.35723305440806236,0.12854768069482983,0.496145233973427,0.6215530201722003
215,3.780269576924838,1.6821705042196846,3.1486821182151177,6.70596984105386,2.698996270379664,2.895697279304328,1.119484719702634,2.2794345111784313,0.28717802881460813,0.4589434079296846,0.5136356064447059,0.19692114156278415,0.5443097629704485,0.6328144076822898
216,4.138989482851861,3.0281692735876575,7.6915979573941575,9.198225017850207,2.1710062143627753,2.888766414841365,1.8007825003638995,2.079807541045689,0.25494136915270427,0.3129585027545794,0.009192731664552692,0.13987278297725675,0.25186004094776815,0.562634267285284
217,2.590592920277973,2.9012655326696875,3.7485111037437533,13.572522505344564,1.5065066451855642,2.0441302416572737,1.0425838241327245,2.130199090809746,0.4507326422602791,0.3582757356786805,0.7821128755718401,2.425946812477202e-06,1.0267476147191068,0.736284867429994
218,2.59082941925639,5.156090782443366,9.894253313885176,7.902214197033613,0.2716402266994747,2.0298318623077174,1.84386653351394,1.735167692139721,0.1809034109540481,0.17455884934417534,2.4099709046623524e-12,5.964370127398067e-12,0.17804909411976955,0.5443950530434325
219,2.1479306449801454,1.6879724622201058,1.2357280342583892,2.271452454342374,1.3701421558050066,1.7354848772006108,0.3785817649088889,0.137274812444043,0.40012855568547284,0.4050904340266081,0.8875100665657761,0.49625939247779366,-0.30581541700533943,0.424136475344785
220,2.598884773632163,3.2278201023552873,3.8176900297411396,2.598224802633939,0.8881794168265579,3.201137802502542,0.7356167558281661,1.3585045251894778,0.493084259736559,0.388464307722215,0.6771729898251996,0.800655888096598,1.199486266453156,0.7684333805500165
221,3.5214375396147197,2.5479546485473668,2.883030282040632,4.241436433102923,2.4709076534669503,3.353349997600175,1.2405632019819477,1.272433461647705,0.221222757761143,0.3071041778315548,0.4667142530161278,0.1004475048594066,-0.27376517609850004,0.43198298432903315
222,4.583404074358976,3.6288182030182146,7.389306721794868,5.985161961093299,2.343312758416279,2.5475521748293493,2.00018753792594,1.4368446883745627,0.21321404162891847,0.2850482685733752,0.16768667926262235,5.824759753166503e-10,0.20694668129823712,0.5515528141256084
223,3.0587984538500583,1.2123757082536477,5.410021828883917,6.7122681152812245,3.6351117665432566,2.090984949514245,1.9395302969840125,1.2977783936692708,0.319094056098674,0.33953842853119587,0.13373561711516457,3.656377526250027e-12,0.14952878771358216,0.5373127003734464
224,3.4598140779751727,2.9801271868279455,5.577516468928758,4.686100154809909,4.149676620307056,4.98225182885577,1.4710884186579163,2.043197308038579,0.3872009692820754,0.34589199528680564,0.023149242404631266,0.22433712797274347,0.4047424830309657,0.5998265574556265
225,1.5448166588551557,1.0039908697092472,6.68365126076794,8.073806786291582,1.2457403036627663,0.40222163374518627,1.9175155895624771,1.99584619612004,0.3116566910131808,0.38511614651806275,1.7062094119929015e-12,2.9733495936642055e-12,0.25009122557312274,0.5621989544811866
226,1.5700957815468426,3.164837871589875,5.723949213194141,6.337802963918641,1.4061885773341487,3.582523562262349,3.1803604629730087,1.9876550380879368,0.4934976612126477,0.293431393235012,0.6174997107341946,0.1359098530257719,0.12788335137841134,0.5319273376567841
227,2.293383730040031,2.174226003947531,5.160137000435096,1.611821770515691,1.9581905487282791,2.255655634940369,2.093726810539766,0.3847501470539129,0.42220417419953454,0.31573729939971346,0.4412888706430043,0.8851550465861052,0.32613400068623416,0.5808184234095877
228,2.1111738641188764,3.2085778135852348,7.386342768065339,7.429769383973176,1.7657466148731615,3.0994532402095962,2.0751207833521144,1.9568213624766428,0.48814613383530553,0.3596080611782715,0.5864963243887662,0.17585362469288693,0.6368783152704338,0.6540474590175861
229,1.519922266213112,1.3831469537417311,1.8215393653572574,5.8649572993633905,1.668501916673991,2.1147343516061867,0.3188867884868676,2.10236130233418,0.6140325654546026,0.5684964578963798,0.7039761086601023,0.3028501059904064,-0.0837384967869231,0.4790776002671068
230,2.4459675840756483,1.8679496747036342,5.404390591839605,4.497302843245873,2.765024375892742,2.0202533927789825,1.1799669087686682,1.0281866324775613,0.43422809626270087,0.35526674072547204,0.004868428506433165,7.5206670639835e-16,0.17020520279619236,0.5424488721605616
231,4.801308248825634,1.4895704331352002,7.43063344380229,9.617824527604288,1.912211179762195,1.4820570520753986,1.781055622667291,2.1509676716228845,0.19978983567526726,0.5490348145617239,0.3457252621624177,0.17651170749449707,0.5299724538473124,0.6294766872416959
232,2.7644030796237833,2.467159930217151,5.213504260000112,7.322984852373473,2.242116791078927,4.138071547850902,3.407346256861871,2.701987111588348,0.3183398947053518,0.3568830504166211,0.6035107843331641,0.6977924515298715,0.30964247955741453,0.5767979920495737
233,1.6843651868656584,1.7838246942089695,2.6305972639559143,1.0778712134516106,0.912872623047501,0.952279878205048,1.0486925565081344,-0.6583699346237909,0.542585010281573,0.44380567748051164,0.48620305875765724,0.5593384414206816,0.47300606975701626,0.616095005554026
234,2.0131873997883956,2.2812722960559455,4.610765876553775,1.9615435300832238,1.5996528760767732,3.4134917300674084,2.2386340378537937,0.3266628934409439,0.2814836949253849,0.22493844817401595,0.02198069310750104,0.4490097673048851,-0.37729968467635044,0.40677834502528804
235,0.9396876615261407,2.6769672054964824,5.2156653772051556,5.152453521841137,1.4465391188946135,2.9991777226048835,2.157549614973397,2.707107558718511,0.5163160917891326,0.30125915515302704,0.09829660195072465,0.34037323401675557,0.012595751577358939,0.503148896262641
236,2.3825305658365883,2.427967350635561,4.596309929496238,2.104201636572225,1.6817728976477875,0.7370607022522803,0.9525070423434071,0.06339061612015309,0.4123338094906832,0.36474587713321144,0.583867449254554,0.9414618837174916,0.23214031091889026,0.5577758529549735
237,3.8614830464818772,3.3768541678038693,6.010085378894873,1.6981436709916164,3.768160936201402,3.6477272320516945,2.5382050514022505,-0.2294305572581123,0.38194235830002315,0.3314014677392064,0.43045601108443093,0.8777753089351215,0.5517498101049179,0.6345414649623617
238,2.636547255527998,5.9692308688777,2.922001286553804,9.489874005678496,2.3363909079456273,4.247678191370592,1.4578160170242267,2.573929252820136,0.4841581747282322,0.22856796534543156,0.8659003382355455,9.147015775639664e-07,0.41209844159445563,0.6015909388803091
239,0.856456211001427,1.2967826830252276,1.4923088867150138,5.972682916985711,1.2492569988485613,1.7612317277021983,0.5643628598403172,2.448438852719489,0.4329197489700787,0.3789545723079995,0.6631969121717147,0.36457601308477866,0.22676356217843222,0.5564492046993615
240,2.184023511478615,1.8084921658094455,4.326429165388335,1.366269319449945,2.0530745285219063,3.586028253918427,4.057855031059065,0.6682031417795187,0.3276634297108834,0.31080558348792914,0.6987192347664419,0.6784057007920256,-0.37193252949774686,0.4080741369745638
241,3.458409178901916,1.1540643569872164,7.286958673424174,7.910949302233466,2.855937265051184,2.4652886273330097,1.6857015354899445,2.208713848900992,0.18924580557661333,0.45423005218432605,0.019305978694941935,0.176823209204004,0.1286140112480819,0.5321092535706587
242,6.460185044699275,2.380441319152823,3.074627693253181,17.622736141625758,2.1390773725094268,1.7696443622309483,1.4083702671351892,4.311176339442427,0.2788087205562842,0.4365078337653698,1.1728284048900202,0.6211870318386914,1.1352623310754,0.7568087357162289
243,2.099135677211576,2.756291835254463,6.645552556120845,6.882748486808112,1.2929845751539526,3.076442277289165,2.248702794661332,2.8799998006555017,0.30987538104797324,0.31648651426073743,0.23093463607533163,0.536328603531979,0.03778183134069765,0.5094443344057669
244,1.83416981406832,1.461775060492481,4.846320039088263,3.000180894206964,1.397163450820897,3.053122188481138,1.6943358447226982,1.102953089061445,0.3319718915638395,0.400460846091704,0.22153856882598508,0.44573457397615823,0.05568718383901635,0.513918199378522
245,3.5982603309357772,1.145093736533097,6.965454305180384,7.075710845587362,3.4126559474759293,1.2538211946299045,3.2862603696555,3.063827884897507,0.3712017438780282,0.41531267376546627,0.7467369683970674,0.5495587116045295,0.29721721977348114,0.5737621025420738
246,1.6096861558915743,1.392582679372972,7.990432030641843,6.633605106912158,1.949073997482855,2.0461256678464355,3.168944962698922,2.825959513602238,0.41964573174891573,0.41079974038179,0.002146734392971361,0.03188981556066225,-0.17754886300570777,0.45572902157204337
247,3.7345147336109856,3.699087824606527,7.534972486384876,8.526580438010983,2.146878152095727,2.973998203170782,1.7237066366555616,1.8984684923574457,0.2913061565104962,0.28421404616368234,1.5325082192200008e-11,8.671225621533105e-12,0.2541482137983397,0.5631972529465015
248,1.5672805825756557,2.3213814458615882,1.9315158625513973,4.374609009920839,1.8991390340559824,2.534917213470099,0.8222945215493109,2.7403031677530163,0.4317678342034409,0.21624591650730537,0.49320117732424246,0.23308072280874848,-0.38990305801355885,0.40374063773069074
249,1.4250578832722693,0.8826899762935371,7.101474584284175,4.671748190485537,1.5856526094951955,2.2851162406471257,1.9885185896112474,2.322332424471269,0.3997726473242541,0.43684735452174217,0.08559169440274286,0.17828007181030955,-0.047080097765042184,0.4882321491334812
250,1.5756994522072967,1.4658716614073954,1.7136089935564436,2.0957607273939507,2.794979768600192,3.1893697004779393,0.9088073549848237,0.7832044160490641,0.3850669458091968,0.3107661019329074,0.42204035855482425,0.3672966649833963,-0.7153992180962129,0.32840690987252036
251,3.674920282939202,3.0754128011614648,7.1064202678886526,7.746968255166637,3.055472496020898,3.685633262132499,2.751668328105469,2.409930999459025,0.3638915896856322,0.3916455531528956,0.4616645858947799,0.3222949790226262,0.260541751204041,0.5647694615822184
252,2.3404032942937367,4.934408340170267,2.37381096259164,12.574074320825742,0.2052250431178122,3.695578817649835,1.0053644186129,2.495418377533315,0.4938105689614151,0.28696436492400673,0.8537486970950466,1.5258760912497577e-10,0.7436742390792428,0.6777987880918357
253,1.7189836106688041,1.4277355112899404,1.6935921959256952,2.0362332647983115,1.7921683692260502,1.5130035421407309,0.430955871298235,0.16992203242510454,0.4790951630886551,0.4088305875251811,0.694487130070047,0.7296714395222585,-0.19876155478352098,0.4504725572833455
254,3.133789929753983,1.7956942631273622,3.799045460011477,15.545053234425753,2.1123531129804456,1.9925978666747273,0.7708827844439391,2.668101534950566,0.4588582167702237,0.4773964243833119,0.6652160047007549,0.15134342192374375,1.0016938614833364,0.7313914816393026
255,1.9397058423200426,2.4789289991377697,2.076779748169956,1.8314976691397158,2.5158144199917634,4.210252800615122,0.5548943183517083,0.65355985194284,0.3418523359732091,0.29167921708731986,0.5290858608484024,0.5696367310818364,-0.12834028225688504,0.46795889705997673
256,5.624239452768944,2.568787864844238,9.51677073242336,7.243686790879102,1.5951040859034118,1.1708971514671536,2.763872149975622,1.8136409684091055,0.32478118516646914,0.4946688536649208,0.7898779051718452,0.862659061269148,1.0073187421348957,0.7324950950251548
257,3.9627254668823286,1.4931346191740391,1.9449218772604604,8.180172434997527,2.0568224790977636,1.5657888332683638,0.379097797867145,1.8247146189016326,0.10921000017901994,0.3605228080185229,0.8992999883577157,5.032099620493409e-12,-0.03816580479925151,0.4904597068274422
258,3.5116741314319775,2.6513480823956455,6.116019962520137,7.240943434550646,2.914288056187748,4.29955818521263,2.540406214530304,1.8289718382891225,0.29475777322255386,0.3279980208056337,0.21262249497927668,0.0009141645345578258,0.3800872064331825,0.5938941358932475
259,3.5727028688175015,1.4823992304552653,7.22849604261955,8.498219366575752,2.319330531875427,0.996603813415676,1.9087682227787346,1.6473202917268202,0.27263770194393516,0.3581507585480838,0.06542357944686772,1.6675811256571037e-11,0.05427444077255181,0.5135652804025371
260,1.5754689905779218,2.520773224070422,4.652020190836467,8.503194255531493,0.9099490885919217,1.2280585216729958,1.4343590722768043,2.2911372365614744,0.5590127766376294,0.265840763310073,4.223026329332325e-10,1.156733391546481e-05,-0.11033325516256348,0.47244463414282384
261,2.1781238575810353,1.2660439223959623,1.9190677074923663,1.9221669979369902,3.455953384818899,2.0186899810214167,1.1138156312781715,0.6152622360657889,0.35905199964196394,0.3164238632463333,0.7034768541385125,0.7121757764968814,-0.2422904405872676,0.4397219850909277
262,3.2028596460435037,3.3791418988957713,1.4815827166685511,7.261406309448807,3.0006093354513435,3.1058289154648824,0.19974638128480074,2.200854515137836,0.4503737886735529,0.3154507796111065,0.6924184180574608,1.4054347118492771e-11,0.28346622828704643,0.5703958103288932
263,2.5405449574793924,1.4419340628072268,6.782251019680394,6.325538195251951,1.8086853806532566,1.3226771692634907,2.486334994085276,2.7925841796057336,0.5156875200580496,0.48027671076956285,0.199014037635561,0.6977207033196985,0.4230785413974596,0.6042196825898047
264,1.6821596765911937,1.9569824569981826,2.1972478516308867,11.056155450435938,0.8648671658909496,1.075949553643621,-0.12470664929220217,1.9618716116017232,0.5419596278085803,0.4759217523721371,0.9822176084807109,0.13464872741305953,0.7158468672948141,0.6716918141747198
265,1.2311698918594969,1.353796247763969,4.791687479495246,4.141401905107991,3.2510125801750367,3.00639654723833,2.5659491302305364,1.650676725718898,0.4201020620010922,0.3681674156052181,0.10285076392794444,1.843853608711345e-11,-0.599926645532974,0.3543604762995332
266,4.0589389747295535,3.890910351996888,8.615643170008708,11.34777820896569,2.3156198107873656,2.185009122056161,1.710520273868934,2.118148393462171,0.24016045605377007,0.20107315399946996,9.915152859898394e-12,0.1055314863448735,0.24024630326140012,0.5597743459410869
267,2.86218038168648,2.778095407186702,4.707638112067383,5.42427054840642,3.71795007217259,3.3604539387330217,3.2701828064792475,3.65951841453011,0.3143766468464238,0.24028505056329696,0.5032630480513688,0.7702892314169818,0.18577863954644513,0.5463115378882871
268,1.6176639973565692,1.596676181695806,1.789957051051535,5.031842431679062,1.960184972042122,2.434983660778331,0.6463068672841439,2.24407011038381,0.4127175381222126,0.3276028905040299,0.555017466430251,0.06008041193404516,-0.4604442392969882,0.38688044324374976
269,2.220792003050911,1.2643850190836268,3.2731538898862285,3.372290646654682,2.0151519929041823,2.0548608644476363,1.3654382794435604,1.310076358287225,0.31098059524509725,0.2871066148254756,6.633198969301341e-12,0.005196883882010285,-0.38881500422839593,0.4040025968282241
270,1.2794516022056996,0.8996861115607774,1.034451055274986,4.235456237020295,1.4350762620120487,1.4857183450739302,0.3091256031851916,3.852370901994132,0.46695244871543795,0.36472660226795406,0.655723887190576,0.5325387923308107,0.14583971775761762,0.5363954437270454
271,3.506871669193384,2.97073379336776,6.729934939362666,1.4978640845695272,2.6473846004321056,3.099550706146098,2.662625263578983,0.05253040244592907,0.24381224393707587,0.2472933135057692,0.286551197790433,0.7128103440053974,0.22258960710753917,0.5554187750023497
272,1.7935666781481183,6.503399915528644,4.684624971016669,18.67206612306371,0.8101580259753787,5.197345676792129,1.73375372473352,3.117199210318152,0.6120455821136962,0.3014658213530392,0.798519612794096,2.732175731493445e-09,0.9234645517772424,0.7157475057600649
273,3.489561743367465,1.7960011253269144,5.180344851424052,6.707970081015621,2.1786498709485174,1.3594277029360542,1.4910173507215265,1.6577029716163518,0.18555453793002102,0.3401433702624735,5.5229841681123695e-12,5.211266852178135e-12,0.2181637480405693,0.5543256367779206
274,3.1463944104509656,1.6752149676764636,4.81738166965168,4.6387911160841275,2.562850795900083,1.9510374979537608,2.0636073748491524,2.1989543888828407,0.19267850772651968,0.34322056920950744,0.23051625278428764,0.15202957452499924,-0.6612267628881014,0.34046409014710943
275,2.1737128589524226,1.6469582370284923,9.251221806664123,2.1366331012478077,1.2798107475995297,0.7786030744068906,1.7760273124364345,0.08231630250686432,0.4546123494738971,0.4268367173806229,0.03627918002718379,0.8116883771289597,0.6672379516813505,0.6608844147606656
276,1.4509644731329085,1.4616337351113378,4.0228715134123965,1.664005595975064,3.2544063165921804,2.778503945810559,1.7440564944023538,1.337225826713601,0.4005754061845491,0.3397081385237399,8.205700164345578e-12,0.716302293110042,-0.7267278935563245,0.3259131789537254
277,3.7943233153993075,3.4968563312836745,8.091118907270607,11.69797218580127,2.955713988733775,3.2957268292519823,1.483245792345277,1.8199182124670887,0.2987838846539182,0.2806539970988824,9.239515699538727e-13,0.016984901241142183,0.28243318468240747,0.5701426503599742
278,3.4586837029359763,2.9555227317648343,5.839085450670343,7.678618030140261,3.0491029653592734,2.7911422475858876,1.739836253047056,2.580041329103676,0.290983684838296,0.2566790846071036,0.08685031565921207,0.3825772781163784,0.3020254459727383,0.5749375791001855
279,2.2005905241313037,1.1064203661122192,4.291490376531445,5.218813448252477,2.2696438469316207,1.5632049816593285,1.4687408009821712,2.1693223048918853,0.36394440427806624,0.44048380800904674,0.24692857762249668,0.4353018287295728,-0.14557905072013108,0.4636693783599913
280,4.269546825578573,7.1959771775737345,20.700141408974872,21.69714870978489,1.0032733778995284,1.2826486416790452,1.4144115290118984,1.665468597054618,0.5051298576938241,0.4664542916975377,0.6981315493391738,0.7450738572650707,2.5293570477817036,0.9261744033408725
281,4.494437891017001,3.812222375617328,5.3792222086915755,6.4180079038477285,1.9093826673132164,2.850925808022458,0.9709028438483278,1.5800502890285282,0.12858330240142418,0.12681048086214353,0.06466265183543424,0.032325867167342925,0.35938967769216223,0.5888926842137165
282,1.867645476150696,4.410212925298055,8.108267814247876,2.3675448902157292,0.20208986438004456,1.91866434586438,1.8912461310470783,-0.20788103166645452,0.6480331030768878,0.26133124115568473,0.48801053773323105,0.8287187606284171,1.0490020987839965,0.7405832287216922
283,3.2025803187944675,2.4436842696506735,1.686966628173563,1.7050346170993627,3.2953427294217366,3.4977039518761264,0.44669767969031005,0.4672261136145354,0.3093081286343148,0.2573243115052514,0.31406300153658306,0.4637761971527007,0.20974209541498254,0.5522441382253438
284,3.235274116159047,4.085068377404547,8.838544823218227,30.393596068996178,1.521975379171239,1.9962722376890634,0.8707891323934069,2.3698850438560246,0.5524254739158121,0.5077816142608786,0.7496072181134326,3.2772278025656347e-07,1.899141527633557,0.8697943326551478
285,1.393734862813189,3.4096589000384845,6.837359216259064,6.837145913620753,0.9432261455232629,1.7424770798622302,1.9995135140676665,2.1936405220219446,0.511754495901587,0.08868101065774141,0.16956586833662748,0.3264689194839407,0.06634852912312761,0.5165810500692247
286,2.505682211442176,1.1676783168046772,2.106121269535224,5.222076507098961,2.929338921009056,2.6263377786170263,0.19076135956348722,1.4795661094819121,0.3199717684611455,0.37623751489757545,0.5286617312368419,5.66630989853749e-13,-0.11987369201001596,0.4700674119470419
287,0.7887553494213023,1.489333597652176,7.0503731346844765,2.298652592064515,-0.02954107454793865,1.3556624861786901,3.1649700731193735,0.00452890047771813,0.5721792670034,0.3736177799765479,0.4990948678825437,0.5298328325319266,0.32636596569438914,0.580874898495911
288,2.8068148486228393,1.6778080533015143,5.080845498229868,1.092674790282425,2.2518457720315723,0.8450650193984401,1.5591051799722666,-0.15915159138669388,0.25032465022715616,0.2766505730434599,0.27322819490959843,1.1985391567455783,-0.04031186560458921,0.4899233981407848
289,2.2199798692676587,1.8652887898692947,1.8226585324014672,2.860774375976457,2.7390730922061524,3.330000267056053,0.8558583628488969,2.543713611415426,0.3034659625571782,0.2884505750126519,0.5827807233290847,0.6189413710636156,-0.6426101012245494,0.3446567610047608
290,2.8322747170050566,3.0612587475554514,5.641210461691048,8.144109601048333,4.152087453499092,3.0377277520962473,2.592091024106806,2.1542783133971497,0.44543516771227354,0.3474166213472676,0.3990892566662913,0.027623205704126644,0.2975555997768016,0.5738448544025723
291,4.595905998790312,3.946654462992051,7.730092930575504,6.5467071389019775,2.1383004009527538,2.084837346492343,1.9889245515291096,2.021170196883352,0.10204281468017976,0.04948092528676347,0.03216635713404855,0.05727041673911427,0.04134759459348551,0.5103354262162964
292,2.5233924944381263,2.825366622644942,8.804741176302946,2.225399916610871,1.2959129121484043,1.110704002721058,1.7884863237460875,0.034402960658582095,0.49592542017556485,0.35980672848533224,0.3342842830892982,0.9582387481573005,1.0754617146847048,0.7456341946388128
293,4.535085022577433,3.09771094599703,5.833456775295863,7.835304616955218,2.1835193463153093,3.078274824298257,2.020185537013188,1.8520658039407796,0.1326855639540225,0.2660798964961907,0.14502372977526745,9.799577124757489e-12,0.22337239319504848,0.5556120590050643
294,1.3756513673990345,1.5282660217517121,2.0606521463860368,2.008111367769523,1.7746986508487075,0.7015177966606572,0.7017168045167336,0.2740618737482404,0.4204705099433307,0.2749191881700276,0.19242453972271187,0.27546881326615646,-0.25569386000340827,0.436422545861421
295,3.1967470596674192,2.141812760306825,2.7483949817323716,2.451436001101251,2.39170671621761,1.5008333860284793,0.4959633784906395,0.09618589993565385,0.2369069134786689,0.1927032487280274,0.23740798024325252,0.39157491670157857,-0.4938109017146116,0.3789962284114508
296,2.844053866458296,3.9521268125739035,22.047494180273592,17.622642815477324,1.2254045173157035,1.3400543938905138,1.866927942603386,1.4032652353298127,0.6018850269788858,0.3635084221245661,2.4355601144542775e-05,1.572431091357208e-09,1.7558121411224203,0.8526843842410697
297,4.060084097058381,3.824035503156478,6.068671233653597,7.570672235783584,1.9465706251062516,2.005543151050949,1.5133264953421208,2.1028587585345133,0.05073192066191459,0.06338716959611346,3.302209767554369e-11,0.039969941418665826,0.14819850071999247,0.5369819643327941
298,3.363820578111525,2.891789733267886,5.578783963418212,8.252539255163017,3.035191797409428,2.2404518936846185,2.822661068615836,2.2668843881979575,0.4072998887772816,0.2687128859735814,0.5073315096485529,0.22409626362132437,0.37137012938824143,0.5917900084638837
299,5.467166870841843,4.710237887630998,19.058253181654305,46.93230512525832,1.6259745086725894,1.0376039670999215,2.116391971320318,1.8727504473205343,0.4896735657572038,0.4330988767754871,0.5669383874365755,3.647031173323529e-12,2.083538568951577,0.8892928893034187
300,3.751839560243045,3.1980981594605833,5.708238378347081,5.826772579877775,2.8140156403125673,3.451835073963386,3.1278338913377253,1.376510482396634,0.2685781072198749,0.2827851932817421,0.4768365694136246,5.286095519417165e-12,0.341271430954947,0.5844993356177363
301,1.489676603021977,1.40191296777805,2.4598972337720966,4.320424934776505,1.380373379028112,1.6582838931695818,1.370972274814056,1.7959423366411507,0.33554070701724364,0.36886339096905363,0.4959763792457085,0.10284307473998129,0.159179664435899,0.5397111009603476
302,1.942192305370978,3.361282014751952,1.9143856238590762,3.944929489232391,1.137389900635908,2.4276207489117434,0.12828433386999324,1.0454939504823118,0.5565071268164314,0.34609351972450636,0.9424062157658283,0.9291132249435955,0.657807763178477,0.6587677610617667
303,3.817889082623315,2.259101206326218,4.614169595913559,6.067700633081632,2.6554870058869278,1.1420477166667684,1.6729826744296288,1.4307359057290046,0.4583767670817074,0.4514944429267242,0.6802976714419781,0.3882990407757217,0.9450318929917819,0.7201149548591865
304,3.1680353299950625,3.075717656302645,5.18625681712064,3.8287359336583755,2.069886384896471,1.8961540401084387,0.7807705171404519,0.7611913109371681,0.6560448289915413,0.452855497627842,0.5498015573767385,0.8114091899044477,1.1788278049404959,0.7647369745193212
305,1.9044952816965603,1.1847474971013843,1.9041219844816761,3.151142185104662,1.5249107598143072,2.2706053237640176,0.3081300739452478,1.3199650221484707,0.2352055599254081,0.3825091472939021,0.031055179972602893,1.7254340307142155e-12,-0.2509141840701153,0.4375985000614393
306,2.1275819115357395,1.9243593381496022,9.27282555832838,11.008852989532807,1.8178880376500068,0.4121883412966299,1.9062928771754812,2.035776829072596,0.404485944964286,0.39964615775287954,1.0129494501619785e-12,0.1122002305241243,0.23639712341952746,0.5588255868729171
307,2.721679223890633,1.638931483408381,10.812056677308735,7.296312178516986,3.17987627042658,5.5340720992105945,4.086426826849251,4.627567747340259,0.4197380946417797,0.5689178055526318,0.03944995981409808,0.3652466172714075,0.12778727086129824,0.5319034153942855
308,0.9675336608454245,1.724314607893551,2.1479958823937455,4.027882719229027,1.9694086739030112,3.3203933934549714,0.06906864531940589,2.067164976732802,0.5263084343579654,0.3881883902988029,0.5946913212945711,0.4230944455064768,0.039124651610682876,0.5097799153935233
309,11.711319034712826,12.541894767449817,3.855583099868245,10.366352530728772,3.680124499560919,4.168262282159737,0.7282243711112548,1.224579097493149,0.12395468840349237,0.012510787457474085,0.6948723761199317,0.2272870492408953,1.2367030155940764,0.7749896050647199
310,2.546975940630901,2.4244025610861573,1.3574128717536926,4.856826715046371,3.7905633365238947,5.055691255052736,0.5760328158250121,2.907509917732498,0.36603226997346605,0.33563250739345835,0.5165621211403474,0.3478706034641243,0.16298483916907122,0.5406562500316734
311,1.5276087964938487,3.237098015192861,3.013674186361733,2.0861753147272384,1.1890463748830977,3.0918428011423966,1.1752776045025066,0.3355259322086227,0.48163906538149814,0.28408023321446374,0.3966649613615465,0.5942137629350283,0.46862167566154367,0.6150574736661842
312,1.609464419308002,1.5456975974214626,4.028546070157365,1.3294996771828747,2.103547113279371,2.0712225975543883,1.797019498142467,0.2429787466996144,0.33562011456088603,0.28584150179067325,0.04388894473775351,0.6675699478426694,-0.5644325470752861,0.36252247547631006
313,1.6250222335117508,1.48452960790585,3.1982707214110304,1.4513157902746818,2.844141533071795,2.121104614546776,1.7308176338984493,0.9679913988414502,0.3761721926112205,0.4065766377984721,0.21106107589379533,0.755152246657881,-0.9064237326536924,0.2877322092636489
314,1.356599204228188,1.5758422880780452,2.4449480015687235,2.3953268841867406,1.5582583660886984,0.9922980818168083,0.3862802104640196,0.33306846229471465,0.5322144431235832,0.326373823160618,0.6576758468356144,0.5842534212921393,0.24599138276701524,0.5611895989044365
315,2.5204509235109165,3.4923931698450597,2.1489026924796835,2.020619176806648,1.9396212895138265,2.9022929856652957,1.4135529262528514,0.9117756385376902,0.32913689266559404,0.04656933765687433,0.9126555206567275,0.7953841654795746,-1.3571660257051124,0.20470128343508256
316,2.7072631400843936,2.561396338866625,3.0884974704169963,6.690087057706639,1.6111454274219648,2.6330387502450083,0.6945495447622024,1.4964517550073353,0.4232756489904544,0.41511615303998345,0.9144795423746933,0.27880524701346576,0.9062690156843386,0.7122360816303402
317,2.2602245788729047,2.6565022356002483,9.357640895274352,4.336282516043418,1.4435837688186381,1.6750186626485117,1.2390216771045022,1.0373123607616836,0.5165525179668151,0.3660783612530254,0.5443712488300485,0.8054248751672036,1.0706277865914784,0.7447162851444664
318,4.0748038942341,3.9283570086448147,4.241696123443719,5.106309246789708,2.3308442567970453,2.662385000038287,0.9735117037566199,0.9696261014385373,0.49550830745469465,0.4333398469141597,0.8806378846565661,0.6812716616881691,1.7578259225684731,0.852937163213621
319,2.0815071961643157,1.4320964061109518,3.7865165729936474,1.6855078094719496,2.534988458273833,2.3558378785993286,1.9784833652972098,0.7251018088915254,0.33318225350990704,0.33640686660448715,0.4438659714629857,0.9299597476507026,-0.18529838568369983,0.4538074981940536
320,1.6651343351810814,2.607657555487088,6.939861315357444,6.413202654281911,1.0310278104332673,2.1011885203059073,3.4210140409424667,2.0409406649317954,0.5566046429395203,0.439424819431436,0.6198490929426438,0.7578385525330262,0.9095206441135306,0.7129020616965904
321,1.4827696548063252,1.2284667479810165,2.6087638335561283,3.665744897252484,3.105396901533458,2.037053280871408,2.357352730017328,2.120215074750957,0.4161457290643054,0.3719626937006845,0.23865555499187951,0.16676230034098505,-0.5922079321519678,0.35612841265964695
322,1.502711852753385,1.3724662111345516,1.91193520886346,1.92063882940932,1.4496949614599641,1.4294640338579085,0.7079992727965996,0.3114302991569187,0.31131575625632407,0.2860916403636204,0.8153620843945507,0.5612747796650545,-0.25437757628554714,0.4367463232989925
323,2.39964846315932,3.0012787464969852,10.082371609043033,3.243302502471585,1.889756548179486,1.4278708243295168,1.9388016881945145,0.8595169989896333,0.5789895364493212,0.38916849441698187,0.4691288409687877,0.9406952127738958,1.0278222758428062,0.7364934808091238
324,2.658135827036085,1.6541370013913135,6.455301564884817,5.162000493037919,1.9424132820859288,1.3525862953715226,1.7747749392656806,1.6043265829244144,0.20502887903059994,0.2292539017717961,3.754448999406022e-12,5.010056141386516e-12,-0.22170955168348752,0.44479854657678813
325,3.251332441165999,1.9455185474025003,6.579023389385692,8.300691640166825,3.1414503265666855,2.1137896718093216,2.009317810502088,2.0960296742539586,0.366164888262555,0.4291645490135884,0.4126354569298824,0.06619898921676946,0.35915932213720136,0.588836914431933
326,3.854097518263425,4.065867399207461,7.439742350527228,6.854444457331443,2.8574406740911042,2.758143086533341,1.9746817107650374,2.0823110080641136,0.44819957092869966,0.35307813437113394,0.07583778250039638,0.1586016211843802,0.24824083101722,0.5617434621881897
327,2.06917919987839,1.081335840225744,3.168067255900267,2.704003639934512,4.263981715625848,2.7382608881453745,2.8288968777286883,2.0072723217063495,0.392134524493684,0.37603264561416416,0.44682626557308025,0.17154346874100262,-0.5459376891780049,0.3668074086932194
328,1.1168324885914696,1.2382612409295877,5.557861701569277,5.019806920417327,1.5620067817316723,1.666027719528411,2.8294179933655994,2.2483761108544984,0.41773477804371023,0.32817822607185165,0.34824793106486585,0.10683494464682278,-0.19171476826115827,0.4522175701797643
329,2.2464963161004152,1.4220479072922956,7.429688155248033,8.849452040944286,1.3071606956071753,0.4445525348621355,1.079135045939398,1.0187454796732947,0.5000621509482691,0.42404072859082625,0.34184861183380777,4.068977595750908e-08,0.6356146391592397,0.6537614721730328
330,3.222607121956894,1.5245897283898013,9.25877800384312,9.326253030423823,2.3256013613049094,2.2118667162633185,1.9664067487891106,2.976927395335865,0.3278670780226163,0.4505254104813153,4.603279160169124e-10,0.10515749882896407,0.19184979536193034,0.5478158780910158
331,6.62359517308979,6.517879483955643,10.18037799697262,40.99078385716766,1.088286759906991,2.058321491279074,0.6719671898617285,1.760232059050627,0.5331081510155617,0.42329698972235485,1.31745844287782,2.0250242784821132e-06,2.3757353883107553,0.914958192799367
332,3.190391425751134,2.1534374592830963,4.968675980828579,1.5018693141853685,2.206102022864209,2.191771967012563,2.3668382989989634,0.5006091546185023,0.29840313903754984,0.4050502912124242,0.688551044071625,1.2637172063738058,0.2580245225479812,0.5641506138318513
333,1.387166527428783,1.3765190877844418,5.351057506481037,1.8413501371790417,1.2659190576367882,1.5053339792240787,3.0069049875270246,0.12305382449192917,0.5482541845004255,0.43156690789198476,0.6034396168247951,0.7606233731376438,0.3556303649439938,0.5879822586054337
334,3.1466999143439907,2.172424944915385,7.886586690903627,2.659431552034923,2.5959361668077205,0.7141458175867638,1.5176207583644545,0.12614756406631825,0.4647291214434012,0.40553056027034584,1.5530808514354396e-12,0.467690634873159,0.24180775783304936,0.5601590945612034
335,1.8238996415514912,1.5675925765112702,2.757983473180651,15.32359125041325,2.1151305357336354,1.7004133530071843,1.344341278829422,2.885475691859439,0.539935300812157,0.5003534024519274,1.0779281770367608,0.009467522938298934,0.42026057014750545,0.603545600330825
336,1.5535241909676512,2.931701827513715,6.315317358439652,6.347320555184795,1.1176189867081616,4.348828228505151,2.472783479201515,1.4074290510656158,0.5506111019530979,0.3832969957249054,0.39039183881177675,6.030914929467533e-12,0.42010104784532487,0.6035074294737481
337,3.744244056361736,3.6777978883578464,6.436187976450443,5.638910635278208,2.933747853726833,2.644997953107894,1.6499687951768012,2.229069150824443,0.43535751764180675,0.28463237067726915,0.12218775704810009,0.28524467059513287,0.47748269244485575,0.617153273316759
338,6.0929756474327075,1.3187067775463002,7.111578044124003,2.7246922369745046,2.677866387351164,1.1325183904482603,1.8931273696011284,-0.37769391736808533,0.2681956072101761,0.5240713317734975,0.346066017463153,0.8855216979331676,0.8991387927495342,0.7107724921235707
339,2.6361240944933724,2.004480823027037,6.805916558581821,5.976109577661403,1.390582851658392,0.7137850423097042,1.6689082739500043,1.9206726121765314,0.5377347766667057,0.4389557413003353,0.44740410679096626,0.7345168530716382,0.8554931966192287,0.70171819475532
340,1.9909788906371535,2.69111402597276,2.499217279940265,2.4033150193437933,1.468105435117553,2.6498340580672006,0.41836389428982007,0.7318756569551241,0.3689463672869126,0.21178769097665096,0.326759903703571,0.46691580348463646,-0.39103904394346034,0.40346719707022954
341,1.3291278891676293,3.3362810289191045,3.689845850584774,3.9458291264641003,1.782992699461585,2.98137509820081,1.7456446338522589,2.2433378322562847,0.4606930264289463,0.30373691210727244,0.1055885807871338,0.24014471278971375,0.0843979233214759,0.5210869654282281
342,1.3087121159317163,2.262824382364557,5.5826853809222285,5.489822683513499,1.757137274216234,3.277214169157839,2.5168983676601493,1.770528270418211,0.3433209073516923,0.2705153858687984,0.4367350242934279,0.012959967942750509,0.14440426619263663,0.5360384636868698
343,1.5131431207925974,1.4534207799046044,4.676446424148739,2.062438507717154,1.9886404736466956,2.1208059857094215,1.4644852597605926,0.5393002316127905,0.41508032210180745,0.3124940587081504,2.266514657013818e-12,0.3977108950998394,-0.275025928868105,0.43167365534210167
344,1.7767001223465733,1.807152965735246,2.5346166329205304,2.4784264367815054,1.1480261397653408,0.8906705747303033,-0.20555534274583437,-0.1526386907006927,0.48302955095074207,0.36345599744308715,0.02091712620144554,1.4776060951029077e-07,0.34963295606494227,0.5865285688903715
345,2.4859549325921373,2.345421150488118,10.705616840238934,15.774758591772946,1.6403413460418512,1.491950535230027,1.398038795064517,2.044603663193522,0.6442777546363794,0.5489872136088403,0.24160470315302363,0.30064318333397066,1.0283746181996245,0.7366006603476167
346,1.323403748216506,1.1750222930839944,1.5505460714069665,2.6711267299134622,1.9634179457500933,1.8387564133642758,0.9737134357637546,0.5919577198861584,0.4081049707677289,0.3975186672392169,0.5979171538458526,0.3940161062680931,-0.5895407077332226,0.3567402442165378
347,3.4032815078536887,2.921677798862737,6.216366846581674,5.572005731947563,3.65347622589591,3.8750983418514173,1.7289980518089327,1.244677786118759,0.3568736010150204,0.27016685587371425,2.8344706592927462e-12,1.156320157232793e-11,0.38650945716835605,0.5954421405305681
348,1.4604006985624076,1.3384344819754315,2.102205893867003,1.7569278003618847,2.966019065899368,3.04401689758473,0.4072604702763058,0.0471920384281173,0.3847524627233303,0.4693434978794752,5.624954865067274e-12,0.30857788480411463,-0.9722861342246202,0.2744250617587143
349,1.483298556400225,2.375824734238322,14.613610337122145,14.955208435463385,1.499751848481472,2.3817192722009883,1.9274130236985638,2.0989891038313444,0.5222583639262103,0.34990170068767473,0.0950888731227766,0.06222411290009157,1.0724117637958408,0.745055295987985
350,2.0926797095325793,2.0701911395250168,3.531209497669855,1.686311418362396,2.387913615942925,1.212302542433011,1.1624895810403952,-0.3173664456488658,0.36931451325947434,0.2179826046997364,0.3936844475380375,1.1816505380474154,-0.18604715232008084,0.453621910641352
351,1.8520497007459276,1.384000892935387,2.936877804734791,2.5374736398737157,0.6940143922262911,1.2254540151824975,0.2529537515843526,0.034753631827981114,0.4301489239882377,0.4171333639278146,0.6282655214881202,0.3437480056536238,0.28237564039457663,0.5701285473484977
352,1.5350607285378637,2.6556744625813438,8.759033563175873,3.7255744087266867,1.298826770818964,3.3305620439614345,2.584184156606704,1.415745111660045,0.4653916426129345,0.31224095022646614,0.34105745609734467,0.6087035754930308,0.23627970467548157,0.5587966383086387
353,2.928672112641178,2.219803096713353,15.567445853446452,40.647128144281595,0.6890291138919855,0.547020613413113,2.042639970934118,2.715648407849842,0.5586313698161718,0.5722136001260748,0.5765087051408542,0.09909549955082701,1.6097623723062686,0.8333783923307937
354,1.4700560095903215,1.9114637337808986,3.080595529393413,4.170604708566862,1.5165983446153026,2.262742927290816,2.8509347822340243,1.871394055250052,0.4474421291509636,0.2926605461518548,0.8399155620505498,0.39518775365309516,-0.40011802305608085,0.40128398391038617
